set_name	shortname	fullname	direction	ramp_id	ontology_id
HEALTH_ABDOMINAL_PAIN	Glucose	Glucose	-	RAMP_C_000000077	RAMP_OL_000000149
HEALTH_ABDOMINAL_PAIN	Nicotine	Nicotine	-	RAMP_C_000158862	RAMP_OL_000000149
HEALTH_ABDOMINAL_PAIN	Oxalic acid	Oxalic acid	-	RAMP_C_000001542	RAMP_OL_000000149
HEALTH_ACIDURIA	3-OH-Glutaric acid	3-Hydroxyglutaric acid	-	RAMP_C_000000320	RAMP_OL_000000128
HEALTH_ACIDURIA	E-3-Met-glutaconic acid	E-3-Methylglutaconic acid	-	RAMP_C_000000393	RAMP_OL_000000128
HEALTH_ACIDURIA	FA 3:0	Propanoic acid	-	RAMP_C_000220356	RAMP_OL_000000128
HEALTH_ACIDURIA	GABA	gamma-Aminobutyric acid	-	RAMP_C_000219510	RAMP_OL_000000128
HEALTH_ACIDURIA	Glutaric acid	Glutaric acid	-	RAMP_C_000000510	RAMP_OL_000000128
HEALTH_ACIDURIA	Gly	Glycine	-	RAMP_C_000000078	RAMP_OL_000000128
HEALTH_ACIDURIA	Methylmalonic acid	Methylmalonic acid	-	RAMP_C_000220800	RAMP_OL_000000128
HEALTH_ACIDURIA	Orotic acid	Orotic acid	-	RAMP_C_000000150	RAMP_OL_000000128
HEALTH_ACIDURIA	Uric acid	Uric acid	-	RAMP_C_000000194	RAMP_OL_000000128
HEALTH_ACIDURIA	alpha-AAA	alpha-Aminoadipic acid	-	RAMP_C_000218812	RAMP_OL_000000128
HEALTH_AGITATION	2-Met-HipAcid	2-Methylhippuric acid	-	RAMP_C_000000556	RAMP_OL_000000146
HEALTH_AGITATION	3-IAA	3-Indoleacetic acid	-	RAMP_C_000000127	RAMP_OL_000000146
HEALTH_AGITATION	ADMA	Asymmetric dimethylarginine	-	RAMP_C_000218780	RAMP_OL_000000146
HEALTH_AGITATION	Anthranilic acid	Anthranilic acid	-	RAMP_C_000219500	RAMP_OL_000000146
HEALTH_AGITATION	Argininic acid	Argininic acid	-	RAMP_C_000001757	RAMP_OL_000000146
HEALTH_AGITATION	CMPF	3-Carboxy-4-methyl-5-propyl-2-furanpropionic acid	-	RAMP_C_000040987	RAMP_OL_000000146
HEALTH_AGITATION	Cys	Cysteine	-	RAMP_C_000218469	RAMP_OL_000000146
HEALTH_AGITATION	Guanidinoacetic acid	Guanidinoacetic acid	-	RAMP_C_000219492	RAMP_OL_000000146
HEALTH_AGITATION	HCys	Homocysteine	-	RAMP_C_000218762	RAMP_OL_000000146
HEALTH_AGITATION	HipAcid	Hippuric acid	-	RAMP_C_000000556	RAMP_OL_000000146
HEALTH_AGITATION	Hypoxanthine	Hypoxanthine	-	RAMP_C_000000101	RAMP_OL_000000146
HEALTH_AGITATION	Ind-SO4	Indoxyl sulfate	-	RAMP_C_000000528	RAMP_OL_000000146
HEALTH_AGITATION	Indoxyl glucuronide	Indoxyl glucuronide	-	RAMP_C_000006276	RAMP_OL_000000146
HEALTH_AGITATION	Kynurenic acid	Kynurenic acid	-	RAMP_C_000219506	RAMP_OL_000000146
HEALTH_AGITATION	Nicotinamide (B3)	Nicotinamide (B3)	-	RAMP_C_000001067	RAMP_OL_000000146
HEALTH_AGITATION	Norepinephrine	Norepinephrine	-	RAMP_C_000219112	RAMP_OL_000000146
HEALTH_AGITATION	Phenylacetic acid	Phenylacetic acid	-	RAMP_C_000000134	RAMP_OL_000000146
HEALTH_AGITATION	SDMA	Symmetric dimethylarginine	-	RAMP_C_000001813	RAMP_OL_000000146
HEALTH_AGITATION	Spermidine	Spermidine	-	RAMP_C_000000954	RAMP_OL_000000146
HEALTH_AGITATION	Spermine	Spermine	-	RAMP_C_000218544	RAMP_OL_000000146
HEALTH_AGITATION	TMAO	Trimethylamine N-oxide	-	RAMP_C_000000723	RAMP_OL_000000146
HEALTH_AGITATION	Trp	Tryptophan	-	RAMP_C_000218721	RAMP_OL_000000146
HEALTH_AGITATION	Uric acid	Uric acid	-	RAMP_C_000000194	RAMP_OL_000000146
HEALTH_AGITATION	p-Cresol-SO4	p-Cresol sulfate	-	RAMP_C_000007164	RAMP_OL_000000146
HEALTH_ANEMIA	HCys	Homocysteine	-	RAMP_C_000218762	RAMP_OL_000000140
HEALTH_ANEMIA	Kynurenic acid	Kynurenic acid	-	RAMP_C_000219506	RAMP_OL_000000140
HEALTH_ANEMIA	Met	Methionine	-	RAMP_C_000218711	RAMP_OL_000000140
HEALTH_ANEMIA	Quinolinic acid	Quinolinic acid	-	RAMP_C_000000155	RAMP_OL_000000140
HEALTH_CANCER	2-Met-HipAcid	2-Methylhippuric acid	-	RAMP_C_000000556	RAMP_OL_000000095
HEALTH_CANCER	2-OH-Isobutyric acid	2-Hydroxyisobutyric acid	-	RAMP_C_000000569	RAMP_OL_000000095
HEALTH_CANCER	Adipic acid	Adipic acid	-	RAMP_C_000000336	RAMP_OL_000000095
HEALTH_CANCER	Ala	Alanine	-	RAMP_C_000000104	RAMP_OL_000000095
HEALTH_CANCER	Arg	Arginine	-	RAMP_C_000042003	RAMP_OL_000000095
HEALTH_CANCER	Asn	Asparagine	-	RAMP_C_000218742	RAMP_OL_000000095
HEALTH_CANCER	Betaine	Betaine	-	RAMP_C_000000030	RAMP_OL_000000095
HEALTH_CANCER	C0	Carnitine	-	RAMP_C_000274496	RAMP_OL_000000095
HEALTH_CANCER	Cadaverine	Cadaverine	-	RAMP_C_000263953	RAMP_OL_000000095
HEALTH_CANCER	Choline	Choline	-	RAMP_C_000000065	RAMP_OL_000000095
HEALTH_CANCER	Citric acid	Citric acid	-	RAMP_C_000218121	RAMP_OL_000000095
HEALTH_CANCER	Creatine	Creatine	-	RAMP_C_000000046	RAMP_OL_000000095
HEALTH_CANCER	FA 18:2	Linoleic acid	-	RAMP_C_000263195	RAMP_OL_000000095
HEALTH_CANCER	FA 22:6n-3 (DHA)	Docosahexaenoic acid (DHA; omega3)	-	RAMP_C_000001447	RAMP_OL_000000095
HEALTH_CANCER	FA 2:0	Acetic acid	-	RAMP_C_000218400	RAMP_OL_000000095
HEALTH_CANCER	Fumaric acid	Fumaric acid	-	RAMP_C_000218394	RAMP_OL_000000095
HEALTH_CANCER	Gln	Glutamine	-	RAMP_C_000218784	RAMP_OL_000000095
HEALTH_CANCER	Glu	Glutamic acid	-	RAMP_C_000218397	RAMP_OL_000000095
HEALTH_CANCER	Glucose	Glucose	-	RAMP_C_000000077	RAMP_OL_000000095
HEALTH_CANCER	Gly	Glycine	-	RAMP_C_000000078	RAMP_OL_000000095
HEALTH_CANCER	Glycolic acid	Glycolic acid	-	RAMP_C_000000073	RAMP_OL_000000095
HEALTH_CANCER	HipAcid	Hippuric acid	-	RAMP_C_000000556	RAMP_OL_000000095
HEALTH_CANCER	His	Histidine	-	RAMP_C_000218426	RAMP_OL_000000095
HEALTH_CANCER	Hypoxanthine	Hypoxanthine	-	RAMP_C_000000101	RAMP_OL_000000095
HEALTH_CANCER	Ile	Isoleucine	-	RAMP_C_000218741	RAMP_OL_000000095
HEALTH_CANCER	Leu	Leucine	-	RAMP_C_000000532	RAMP_OL_000000095
HEALTH_CANCER	Lys	Lysine	-	RAMP_C_000000117	RAMP_OL_000000095
HEALTH_CANCER	Melatonin	Melatonin	-	RAMP_C_000001056	RAMP_OL_000000095
HEALTH_CANCER	Met	Methionine	-	RAMP_C_000218711	RAMP_OL_000000095
HEALTH_CANCER	N1-Ac-Spermidine	N1-Acetylspermidine	-	RAMP_C_000262968	RAMP_OL_000000095
HEALTH_CANCER	N8-Ac-Spermidine	N8-Acetylspermidine	-	RAMP_C_000001451	RAMP_OL_000000095
HEALTH_CANCER	Orn	Ornithine	-	RAMP_C_000218554	RAMP_OL_000000095
HEALTH_CANCER	Phe	Phenylalanine	-	RAMP_C_000218749	RAMP_OL_000000095
HEALTH_CANCER	Ser	Serine	-	RAMP_C_000218440	RAMP_OL_000000095
HEALTH_CANCER	Suc	Succinic acid	-	RAMP_C_000218399	RAMP_OL_000000095
HEALTH_CANCER	TMAO	Trimethylamine N-oxide	-	RAMP_C_000000723	RAMP_OL_000000095
HEALTH_CANCER	Taurine	Taurine	-	RAMP_C_000218584	RAMP_OL_000000095
HEALTH_CANCER	Thr	Threonine	-	RAMP_C_000218724	RAMP_OL_000000095
HEALTH_CANCER	Trigonelline	Trigonelline	-	RAMP_C_000000683	RAMP_OL_000000095
HEALTH_CANCER	Trp	Tryptophan	-	RAMP_C_000218721	RAMP_OL_000000095
HEALTH_CANCER	Tyr	Tyrosine	-	RAMP_C_000218778	RAMP_OL_000000095
HEALTH_CANCER	Val	Valine	-	RAMP_C_000218704	RAMP_OL_000000095
HEALTH_CARDIAC_DISORDERS	2-Met-HipAcid	2-Methylhippuric acid	-	RAMP_C_000000556	RAMP_OL_000000101
HEALTH_CARDIAC_DISORDERS	3-IAA	3-Indoleacetic acid	-	RAMP_C_000000127	RAMP_OL_000000101
HEALTH_CARDIAC_DISORDERS	ADMA	Asymmetric dimethylarginine	-	RAMP_C_000218780	RAMP_OL_000000101
HEALTH_CARDIAC_DISORDERS	Ala	Alanine	-	RAMP_C_000000104	RAMP_OL_000000101
HEALTH_CARDIAC_DISORDERS	Anthranilic acid	Anthranilic acid	-	RAMP_C_000219500	RAMP_OL_000000101
HEALTH_CARDIAC_DISORDERS	Arg	Arginine	-	RAMP_C_000042003	RAMP_OL_000000101
HEALTH_CARDIAC_DISORDERS	Argininic acid	Argininic acid	-	RAMP_C_000001757	RAMP_OL_000000101
HEALTH_CARDIAC_DISORDERS	CMPF	3-Carboxy-4-methyl-5-propyl-2-furanpropionic acid	-	RAMP_C_000040987	RAMP_OL_000000101
HEALTH_CARDIAC_DISORDERS	Cys	Cysteine	-	RAMP_C_000218469	RAMP_OL_000000101
HEALTH_CARDIAC_DISORDERS	DHEAS	Dehydroepiandrosterone sulfate	-	RAMP_C_000269812	RAMP_OL_000000101
HEALTH_CARDIAC_DISORDERS	FA 3:0	Propanoic acid	-	RAMP_C_000220356	RAMP_OL_000000101
HEALTH_CARDIAC_DISORDERS	Glu	Glutamic acid	-	RAMP_C_000218397	RAMP_OL_000000101
HEALTH_CARDIAC_DISORDERS	Glucose	Glucose	-	RAMP_C_000000077	RAMP_OL_000000101
HEALTH_CARDIAC_DISORDERS	Guanidinoacetic acid	Guanidinoacetic acid	-	RAMP_C_000219492	RAMP_OL_000000101
HEALTH_CARDIAC_DISORDERS	HCys	Homocysteine	-	RAMP_C_000218762	RAMP_OL_000000101
HEALTH_CARDIAC_DISORDERS	HipAcid	Hippuric acid	-	RAMP_C_000000556	RAMP_OL_000000101
HEALTH_CARDIAC_DISORDERS	Ile	Isoleucine	-	RAMP_C_000218741	RAMP_OL_000000101
HEALTH_CARDIAC_DISORDERS	Ind-SO4	Indoxyl sulfate	-	RAMP_C_000000528	RAMP_OL_000000101
HEALTH_CARDIAC_DISORDERS	Indoxyl glucuronide	Indoxyl glucuronide	-	RAMP_C_000006276	RAMP_OL_000000101
HEALTH_CARDIAC_DISORDERS	Kynurenic acid	Kynurenic acid	-	RAMP_C_000219506	RAMP_OL_000000101
HEALTH_CARDIAC_DISORDERS	Leu	Leucine	-	RAMP_C_000000532	RAMP_OL_000000101
HEALTH_CARDIAC_DISORDERS	Met	Methionine	-	RAMP_C_000218711	RAMP_OL_000000101
HEALTH_CARDIAC_DISORDERS	Nicotinamide (B3)	Nicotinamide (B3)	-	RAMP_C_000001067	RAMP_OL_000000101
HEALTH_CARDIAC_DISORDERS	Nicotine	Nicotine	-	RAMP_C_000158862	RAMP_OL_000000101
HEALTH_CARDIAC_DISORDERS	Norepinephrine	Norepinephrine	-	RAMP_C_000219112	RAMP_OL_000000101
HEALTH_CARDIAC_DISORDERS	PAG	Phenylacetylglycine	-	RAMP_C_000000643	RAMP_OL_000000101
HEALTH_CARDIAC_DISORDERS	Phe	Phenylalanine	-	RAMP_C_000218749	RAMP_OL_000000101
HEALTH_CARDIAC_DISORDERS	Phenylacetic acid	Phenylacetic acid	-	RAMP_C_000000134	RAMP_OL_000000101
HEALTH_CARDIAC_DISORDERS	SDMA	Symmetric dimethylarginine	-	RAMP_C_000001813	RAMP_OL_000000101
HEALTH_CARDIAC_DISORDERS	Sarcosine	Sarcosine	-	RAMP_C_000218658	RAMP_OL_000000101
HEALTH_CARDIAC_DISORDERS	Ser	Serine	-	RAMP_C_000218440	RAMP_OL_000000101
HEALTH_CARDIAC_DISORDERS	Spermidine	Spermidine	-	RAMP_C_000000954	RAMP_OL_000000101
HEALTH_CARDIAC_DISORDERS	Spermine	Spermine	-	RAMP_C_000218544	RAMP_OL_000000101
HEALTH_CARDIAC_DISORDERS	Suc	Succinic acid	-	RAMP_C_000218399	RAMP_OL_000000101
HEALTH_CARDIAC_DISORDERS	TMAO	Trimethylamine N-oxide	-	RAMP_C_000000723	RAMP_OL_000000101
HEALTH_CARDIAC_DISORDERS	Taurine	Taurine	-	RAMP_C_000218584	RAMP_OL_000000101
HEALTH_CARDIAC_DISORDERS	Thr	Threonine	-	RAMP_C_000218724	RAMP_OL_000000101
HEALTH_CARDIAC_DISORDERS	Tyr	Tyrosine	-	RAMP_C_000218778	RAMP_OL_000000101
HEALTH_CARDIAC_DISORDERS	Uric acid	Uric acid	-	RAMP_C_000000194	RAMP_OL_000000101
HEALTH_CARDIAC_DISORDERS	p-Cresol-SO4	p-Cresol sulfate	-	RAMP_C_000007164	RAMP_OL_000000101
HEALTH_CARDIOVASCULAR_DISEASE	2-Met-HipAcid	2-Methylhippuric acid	-	RAMP_C_000000556	RAMP_OL_000000147
HEALTH_CARDIOVASCULAR_DISEASE	3-IAA	3-Indoleacetic acid	-	RAMP_C_000000127	RAMP_OL_000000147
HEALTH_CARDIOVASCULAR_DISEASE	ADMA	Asymmetric dimethylarginine	-	RAMP_C_000218780	RAMP_OL_000000147
HEALTH_CARDIOVASCULAR_DISEASE	Anthranilic acid	Anthranilic acid	-	RAMP_C_000219500	RAMP_OL_000000147
HEALTH_CARDIOVASCULAR_DISEASE	Argininic acid	Argininic acid	-	RAMP_C_000001757	RAMP_OL_000000147
HEALTH_CARDIOVASCULAR_DISEASE	CMPF	3-Carboxy-4-methyl-5-propyl-2-furanpropionic acid	-	RAMP_C_000040987	RAMP_OL_000000147
HEALTH_CARDIOVASCULAR_DISEASE	Cys	Cysteine	-	RAMP_C_000218469	RAMP_OL_000000147
HEALTH_CARDIOVASCULAR_DISEASE	Glucose	Glucose	-	RAMP_C_000000077	RAMP_OL_000000147
HEALTH_CARDIOVASCULAR_DISEASE	Guanidinoacetic acid	Guanidinoacetic acid	-	RAMP_C_000219492	RAMP_OL_000000147
HEALTH_CARDIOVASCULAR_DISEASE	HCys	Homocysteine	-	RAMP_C_000218762	RAMP_OL_000000147
HEALTH_CARDIOVASCULAR_DISEASE	HipAcid	Hippuric acid	-	RAMP_C_000000556	RAMP_OL_000000147
HEALTH_CARDIOVASCULAR_DISEASE	Ind-SO4	Indoxyl sulfate	-	RAMP_C_000000528	RAMP_OL_000000147
HEALTH_CARDIOVASCULAR_DISEASE	Indoxyl glucuronide	Indoxyl glucuronide	-	RAMP_C_000006276	RAMP_OL_000000147
HEALTH_CARDIOVASCULAR_DISEASE	Kynurenic acid	Kynurenic acid	-	RAMP_C_000219506	RAMP_OL_000000147
HEALTH_CARDIOVASCULAR_DISEASE	Nicotinamide (B3)	Nicotinamide (B3)	-	RAMP_C_000001067	RAMP_OL_000000147
HEALTH_CARDIOVASCULAR_DISEASE	Norepinephrine	Norepinephrine	-	RAMP_C_000219112	RAMP_OL_000000147
HEALTH_CARDIOVASCULAR_DISEASE	Phenylacetic acid	Phenylacetic acid	-	RAMP_C_000000134	RAMP_OL_000000147
HEALTH_CARDIOVASCULAR_DISEASE	SDMA	Symmetric dimethylarginine	-	RAMP_C_000001813	RAMP_OL_000000147
HEALTH_CARDIOVASCULAR_DISEASE	Spermidine	Spermidine	-	RAMP_C_000000954	RAMP_OL_000000147
HEALTH_CARDIOVASCULAR_DISEASE	Spermine	Spermine	-	RAMP_C_000218544	RAMP_OL_000000147
HEALTH_CARDIOVASCULAR_DISEASE	TMAO	Trimethylamine N-oxide	-	RAMP_C_000000723	RAMP_OL_000000147
HEALTH_CARDIOVASCULAR_DISEASE	Uric acid	Uric acid	-	RAMP_C_000000194	RAMP_OL_000000147
HEALTH_CARDIOVASCULAR_DISEASE	p-Cresol-SO4	p-Cresol sulfate	-	RAMP_C_000007164	RAMP_OL_000000147
HEALTH_CHRONIC_KIDNEY_DISEASE	2-Met-HipAcid	2-Methylhippuric acid	-	RAMP_C_000000556	RAMP_OL_000000144
HEALTH_CHRONIC_KIDNEY_DISEASE	3-IAA	3-Indoleacetic acid	-	RAMP_C_000000127	RAMP_OL_000000144
HEALTH_CHRONIC_KIDNEY_DISEASE	ADMA	Asymmetric dimethylarginine	-	RAMP_C_000218780	RAMP_OL_000000144
HEALTH_CHRONIC_KIDNEY_DISEASE	Anthranilic acid	Anthranilic acid	-	RAMP_C_000219500	RAMP_OL_000000144
HEALTH_CHRONIC_KIDNEY_DISEASE	Argininic acid	Argininic acid	-	RAMP_C_000001757	RAMP_OL_000000144
HEALTH_CHRONIC_KIDNEY_DISEASE	CMPF	3-Carboxy-4-methyl-5-propyl-2-furanpropionic acid	-	RAMP_C_000040987	RAMP_OL_000000144
HEALTH_CHRONIC_KIDNEY_DISEASE	Cys	Cysteine	-	RAMP_C_000218469	RAMP_OL_000000144
HEALTH_CHRONIC_KIDNEY_DISEASE	Glucose	Glucose	-	RAMP_C_000000077	RAMP_OL_000000144
HEALTH_CHRONIC_KIDNEY_DISEASE	Guanidinoacetic acid	Guanidinoacetic acid	-	RAMP_C_000219492	RAMP_OL_000000144
HEALTH_CHRONIC_KIDNEY_DISEASE	HipAcid	Hippuric acid	-	RAMP_C_000000556	RAMP_OL_000000144
HEALTH_CHRONIC_KIDNEY_DISEASE	Ind-SO4	Indoxyl sulfate	-	RAMP_C_000000528	RAMP_OL_000000144
HEALTH_CHRONIC_KIDNEY_DISEASE	Indoxyl glucuronide	Indoxyl glucuronide	-	RAMP_C_000006276	RAMP_OL_000000144
HEALTH_CHRONIC_KIDNEY_DISEASE	Kynurenic acid	Kynurenic acid	-	RAMP_C_000219506	RAMP_OL_000000144
HEALTH_CHRONIC_KIDNEY_DISEASE	Nicotinamide (B3)	Nicotinamide (B3)	-	RAMP_C_000001067	RAMP_OL_000000144
HEALTH_CHRONIC_KIDNEY_DISEASE	Norepinephrine	Norepinephrine	-	RAMP_C_000219112	RAMP_OL_000000144
HEALTH_CHRONIC_KIDNEY_DISEASE	Phenylacetic acid	Phenylacetic acid	-	RAMP_C_000000134	RAMP_OL_000000144
HEALTH_CHRONIC_KIDNEY_DISEASE	SDMA	Symmetric dimethylarginine	-	RAMP_C_000001813	RAMP_OL_000000144
HEALTH_CHRONIC_KIDNEY_DISEASE	Spermidine	Spermidine	-	RAMP_C_000000954	RAMP_OL_000000144
HEALTH_CHRONIC_KIDNEY_DISEASE	Spermine	Spermine	-	RAMP_C_000218544	RAMP_OL_000000144
HEALTH_CHRONIC_KIDNEY_DISEASE	TMAO	Trimethylamine N-oxide	-	RAMP_C_000000723	RAMP_OL_000000144
HEALTH_CHRONIC_KIDNEY_DISEASE	p-Cresol-SO4	p-Cresol sulfate	-	RAMP_C_000007164	RAMP_OL_000000144
HEALTH_CHRONIC_RENAL_FAILURE	Arg	Arginine	-	RAMP_C_000042003	RAMP_OL_000000125
HEALTH_CHRONIC_RENAL_FAILURE	Betaine	Betaine	-	RAMP_C_000000030	RAMP_OL_000000125
HEALTH_CHRONIC_RENAL_FAILURE	Creatinine	Creatinine	-	RAMP_C_000000431	RAMP_OL_000000125
HEALTH_CHRONIC_RENAL_FAILURE	Guanidinoacetic acid	Guanidinoacetic acid	-	RAMP_C_000219492	RAMP_OL_000000125
HEALTH_CHRONIC_RENAL_FAILURE	HCys	Homocysteine	-	RAMP_C_000218762	RAMP_OL_000000125
HEALTH_CHRONIC_RENAL_FAILURE	cAMP	Adenosine monophosphate, cyclic (cAMP)	-	RAMP_C_000218758	RAMP_OL_000000125
HEALTH_CIRRHOSIS	4-Guanidinobutanoic acid	4-Guanidinobutanoic acid	-	RAMP_C_000275073	RAMP_OL_000000136
HEALTH_CIRRHOSIS	Argininic acid	Argininic acid	-	RAMP_C_000001757	RAMP_OL_000000136
HEALTH_CIRRHOSIS	Asp	Aspartic acid	-	RAMP_C_000218398	RAMP_OL_000000136
HEALTH_CIRRHOSIS	CA	Cholic acid	-	RAMP_C_000218390	RAMP_OL_000000136
HEALTH_CIRRHOSIS	Creatine	Creatine	-	RAMP_C_000000046	RAMP_OL_000000136
HEALTH_CIRRHOSIS	FA 18:2	Linoleic acid	-	RAMP_C_000263195	RAMP_OL_000000136
HEALTH_CIRRHOSIS	HArg	Homoarginine	-	RAMP_C_000000519	RAMP_OL_000000136
HEALTH_CIRRHOSIS	Tyramine	Tyramine	-	RAMP_C_000000209	RAMP_OL_000000136
HEALTH_CIRRHOSIS	Urea	Urea	-	RAMP_C_000000199	RAMP_OL_000000136
HEALTH_COLLAPSE	FA 4:0	Butyric acid	-	RAMP_C_000000028	RAMP_OL_000000105
HEALTH_COLLAPSE	Oxalic acid	Oxalic acid	-	RAMP_C_000001542	RAMP_OL_000000105
HEALTH_COLLAPSE	Tyramine	Tyramine	-	RAMP_C_000000209	RAMP_OL_000000105
HEALTH_COMA	2-Met-HipAcid	2-Methylhippuric acid	-	RAMP_C_000000556	RAMP_OL_000000106
HEALTH_COMA	3-IAA	3-Indoleacetic acid	-	RAMP_C_000000127	RAMP_OL_000000106
HEALTH_COMA	ADMA	Asymmetric dimethylarginine	-	RAMP_C_000218780	RAMP_OL_000000106
HEALTH_COMA	Anthranilic acid	Anthranilic acid	-	RAMP_C_000219500	RAMP_OL_000000106
HEALTH_COMA	Argininic acid	Argininic acid	-	RAMP_C_000001757	RAMP_OL_000000106
HEALTH_COMA	CMPF	3-Carboxy-4-methyl-5-propyl-2-furanpropionic acid	-	RAMP_C_000040987	RAMP_OL_000000106
HEALTH_COMA	Cys	Cysteine	-	RAMP_C_000218469	RAMP_OL_000000106
HEALTH_COMA	FA 4:0	Butyric acid	-	RAMP_C_000000028	RAMP_OL_000000106
HEALTH_COMA	Glucose	Glucose	-	RAMP_C_000000077	RAMP_OL_000000106
HEALTH_COMA	Guanidinoacetic acid	Guanidinoacetic acid	-	RAMP_C_000219492	RAMP_OL_000000106
HEALTH_COMA	HCys	Homocysteine	-	RAMP_C_000218762	RAMP_OL_000000106
HEALTH_COMA	HipAcid	Hippuric acid	-	RAMP_C_000000556	RAMP_OL_000000106
HEALTH_COMA	Hypoxanthine	Hypoxanthine	-	RAMP_C_000000101	RAMP_OL_000000106
HEALTH_COMA	Ind-SO4	Indoxyl sulfate	-	RAMP_C_000000528	RAMP_OL_000000106
HEALTH_COMA	Indoxyl glucuronide	Indoxyl glucuronide	-	RAMP_C_000006276	RAMP_OL_000000106
HEALTH_COMA	Kynurenic acid	Kynurenic acid	-	RAMP_C_000219506	RAMP_OL_000000106
HEALTH_COMA	Nicotinamide (B3)	Nicotinamide (B3)	-	RAMP_C_000001067	RAMP_OL_000000106
HEALTH_COMA	Norepinephrine	Norepinephrine	-	RAMP_C_000219112	RAMP_OL_000000106
HEALTH_COMA	Oxalic acid	Oxalic acid	-	RAMP_C_000001542	RAMP_OL_000000106
HEALTH_COMA	Phenylacetic acid	Phenylacetic acid	-	RAMP_C_000000134	RAMP_OL_000000106
HEALTH_COMA	SDMA	Symmetric dimethylarginine	-	RAMP_C_000001813	RAMP_OL_000000106
HEALTH_COMA	Spermidine	Spermidine	-	RAMP_C_000000954	RAMP_OL_000000106
HEALTH_COMA	Spermine	Spermine	-	RAMP_C_000218544	RAMP_OL_000000106
HEALTH_COMA	TMAO	Trimethylamine N-oxide	-	RAMP_C_000000723	RAMP_OL_000000106
HEALTH_COMA	Tyramine	Tyramine	-	RAMP_C_000000209	RAMP_OL_000000106
HEALTH_COMA	Uric acid	Uric acid	-	RAMP_C_000000194	RAMP_OL_000000106
HEALTH_COMA	p-Cresol-SO4	p-Cresol sulfate	-	RAMP_C_000007164	RAMP_OL_000000106
HEALTH_CONFUSION	2-Met-HipAcid	2-Methylhippuric acid	-	RAMP_C_000000556	RAMP_OL_000000145
HEALTH_CONFUSION	3-IAA	3-Indoleacetic acid	-	RAMP_C_000000127	RAMP_OL_000000145
HEALTH_CONFUSION	ADMA	Asymmetric dimethylarginine	-	RAMP_C_000218780	RAMP_OL_000000145
HEALTH_CONFUSION	Anthranilic acid	Anthranilic acid	-	RAMP_C_000219500	RAMP_OL_000000145
HEALTH_CONFUSION	Argininic acid	Argininic acid	-	RAMP_C_000001757	RAMP_OL_000000145
HEALTH_CONFUSION	CMPF	3-Carboxy-4-methyl-5-propyl-2-furanpropionic acid	-	RAMP_C_000040987	RAMP_OL_000000145
HEALTH_CONFUSION	Cys	Cysteine	-	RAMP_C_000218469	RAMP_OL_000000145
HEALTH_CONFUSION	Guanidinoacetic acid	Guanidinoacetic acid	-	RAMP_C_000219492	RAMP_OL_000000145
HEALTH_CONFUSION	HCys	Homocysteine	-	RAMP_C_000218762	RAMP_OL_000000145
HEALTH_CONFUSION	HipAcid	Hippuric acid	-	RAMP_C_000000556	RAMP_OL_000000145
HEALTH_CONFUSION	Hypoxanthine	Hypoxanthine	-	RAMP_C_000000101	RAMP_OL_000000145
HEALTH_CONFUSION	Ind-SO4	Indoxyl sulfate	-	RAMP_C_000000528	RAMP_OL_000000145
HEALTH_CONFUSION	Indoxyl glucuronide	Indoxyl glucuronide	-	RAMP_C_000006276	RAMP_OL_000000145
HEALTH_CONFUSION	Kynurenic acid	Kynurenic acid	-	RAMP_C_000219506	RAMP_OL_000000145
HEALTH_CONFUSION	Nicotinamide (B3)	Nicotinamide (B3)	-	RAMP_C_000001067	RAMP_OL_000000145
HEALTH_CONFUSION	Nicotine	Nicotine	-	RAMP_C_000158862	RAMP_OL_000000145
HEALTH_CONFUSION	Norepinephrine	Norepinephrine	-	RAMP_C_000219112	RAMP_OL_000000145
HEALTH_CONFUSION	Phenylacetic acid	Phenylacetic acid	-	RAMP_C_000000134	RAMP_OL_000000145
HEALTH_CONFUSION	SDMA	Symmetric dimethylarginine	-	RAMP_C_000001813	RAMP_OL_000000145
HEALTH_CONFUSION	Spermidine	Spermidine	-	RAMP_C_000000954	RAMP_OL_000000145
HEALTH_CONFUSION	Spermine	Spermine	-	RAMP_C_000218544	RAMP_OL_000000145
HEALTH_CONFUSION	TMAO	Trimethylamine N-oxide	-	RAMP_C_000000723	RAMP_OL_000000145
HEALTH_CONFUSION	Trp	Tryptophan	-	RAMP_C_000218721	RAMP_OL_000000145
HEALTH_CONFUSION	Uric acid	Uric acid	-	RAMP_C_000000194	RAMP_OL_000000145
HEALTH_CONFUSION	p-Cresol-SO4	p-Cresol sulfate	-	RAMP_C_000007164	RAMP_OL_000000145
HEALTH_DIABETES_MELLITUS_TYPE_2	1-Met-His	1-Methylhistidine	-	RAMP_C_000000001	RAMP_OL_000000092
HEALTH_DIABETES_MELLITUS_TYPE_2	3-Met-His	3-Methylhistidine	-	RAMP_C_000000001	RAMP_OL_000000092
HEALTH_DIABETES_MELLITUS_TYPE_2	3-OH-Butyric acid	3-Hydroxybutyric acid	-	RAMP_C_000218499	RAMP_OL_000000092
HEALTH_DIABETES_MELLITUS_TYPE_2	3-OH-Isobutyric acid	3-Hydroxyisobutyric acid	-	RAMP_C_000000016	RAMP_OL_000000092
HEALTH_DIABETES_MELLITUS_TYPE_2	C0	Carnitine	-	RAMP_C_000274496	RAMP_OL_000000092
HEALTH_DIABETES_MELLITUS_TYPE_2	DiCA 12:0	Dodecanedioic acid	-	RAMP_C_000220887	RAMP_OL_000000092
HEALTH_DIABETES_MELLITUS_TYPE_2	Fructose	Fructose	-	RAMP_C_000000509	RAMP_OL_000000092
HEALTH_DIABETES_MELLITUS_TYPE_2	Glucose	Glucose	-	RAMP_C_000000077	RAMP_OL_000000092
HEALTH_DIABETES_MELLITUS_TYPE_2	Uric acid	Uric acid	-	RAMP_C_000000194	RAMP_OL_000000092
HEALTH_DIARRHEA	Fumaric acid	Fumaric acid	-	RAMP_C_000218394	RAMP_OL_000000150
HEALTH_DIARRHEA	Nicotine	Nicotine	-	RAMP_C_000158862	RAMP_OL_000000150
HEALTH_DIARRHEA	Oxalic acid	Oxalic acid	-	RAMP_C_000001542	RAMP_OL_000000150
HEALTH_DIARRHEA	Pyridoxine (B6)	Pyridoxine (B6)	-	RAMP_C_000000160	RAMP_OL_000000150
HEALTH_DIARRHEA	Suc	Succinic acid	-	RAMP_C_000218399	RAMP_OL_000000150
HEALTH_DIARRHEA	Trp	Tryptophan	-	RAMP_C_000218721	RAMP_OL_000000150
HEALTH_ENDOCRINE_DISORDERS	DOPAC	3,4-Dihydroxyphenylacetic acid	-	RAMP_C_000001011	RAMP_OL_000000141
HEALTH_ENDOCRINE_DISORDERS	Dopamine	Dopamine	-	RAMP_C_000218860	RAMP_OL_000000141
HEALTH_ENDOCRINE_DISORDERS	Homovanillic acid	Homovanillic acid	-	RAMP_C_000000074	RAMP_OL_000000141
HEALTH_ENDOCRINE_DISORDERS	Norepinephrine	Norepinephrine	-	RAMP_C_000219112	RAMP_OL_000000141
HEALTH_ENDOCRINE_DISORDERS	Phe	Phenylalanine	-	RAMP_C_000218749	RAMP_OL_000000141
HEALTH_ENDOCRINE_DISORDERS	Serotonin	Serotonin	-	RAMP_C_000000177	RAMP_OL_000000141
HEALTH_ENDOCRINE_DISORDERS	Trp	Tryptophan	-	RAMP_C_000218721	RAMP_OL_000000141
HEALTH_ENDOCRINE_DISORDERS	Tyr	Tyrosine	-	RAMP_C_000218778	RAMP_OL_000000141
HEALTH_EPILEPSY	5-HIAA	5-Hydroxyindoleacetic acid	-	RAMP_C_000000599	RAMP_OL_000000099
HEALTH_EPILEPSY	Ala	Alanine	-	RAMP_C_000000104	RAMP_OL_000000099
HEALTH_EPILEPSY	Asn	Asparagine	-	RAMP_C_000218742	RAMP_OL_000000099
HEALTH_EPILEPSY	Asp	Aspartic acid	-	RAMP_C_000218398	RAMP_OL_000000099
HEALTH_EPILEPSY	Cit	Citrulline	-	RAMP_C_000218703	RAMP_OL_000000099
HEALTH_EPILEPSY	GABA	gamma-Aminobutyric acid	-	RAMP_C_000219510	RAMP_OL_000000099
HEALTH_EPILEPSY	Gln	Glutamine	-	RAMP_C_000218784	RAMP_OL_000000099
HEALTH_EPILEPSY	Glu	Glutamic acid	-	RAMP_C_000218397	RAMP_OL_000000099
HEALTH_EPILEPSY	His	Histidine	-	RAMP_C_000218426	RAMP_OL_000000099
HEALTH_EPILEPSY	Homovanillic acid	Homovanillic acid	-	RAMP_C_000000074	RAMP_OL_000000099
HEALTH_EPILEPSY	Ile	Isoleucine	-	RAMP_C_000218741	RAMP_OL_000000099
HEALTH_EPILEPSY	Leu	Leucine	-	RAMP_C_000000532	RAMP_OL_000000099
HEALTH_EPILEPSY	Met	Methionine	-	RAMP_C_000218711	RAMP_OL_000000099
HEALTH_EPILEPSY	Phe	Phenylalanine	-	RAMP_C_000218749	RAMP_OL_000000099
HEALTH_EPILEPSY	Taurine	Taurine	-	RAMP_C_000218584	RAMP_OL_000000099
HEALTH_EPILEPSY	Thr	Threonine	-	RAMP_C_000218724	RAMP_OL_000000099
HEALTH_EPILEPSY	Trp	Tryptophan	-	RAMP_C_000218721	RAMP_OL_000000099
HEALTH_EPILEPSY	Tyr	Tyrosine	-	RAMP_C_000218778	RAMP_OL_000000099
HEALTH_EPILEPSY	Val	Valine	-	RAMP_C_000218704	RAMP_OL_000000099
HEALTH_GASTROINTESTINAL_DISORDERS	2-Met-HipAcid	2-Methylhippuric acid	-	RAMP_C_000000556	RAMP_OL_000000118
HEALTH_GASTROINTESTINAL_DISORDERS	3-IAA	3-Indoleacetic acid	-	RAMP_C_000000127	RAMP_OL_000000118
HEALTH_GASTROINTESTINAL_DISORDERS	ADMA	Asymmetric dimethylarginine	-	RAMP_C_000218780	RAMP_OL_000000118
HEALTH_GASTROINTESTINAL_DISORDERS	Anthranilic acid	Anthranilic acid	-	RAMP_C_000219500	RAMP_OL_000000118
HEALTH_GASTROINTESTINAL_DISORDERS	Argininic acid	Argininic acid	-	RAMP_C_000001757	RAMP_OL_000000118
HEALTH_GASTROINTESTINAL_DISORDERS	CMPF	3-Carboxy-4-methyl-5-propyl-2-furanpropionic acid	-	RAMP_C_000040987	RAMP_OL_000000118
HEALTH_GASTROINTESTINAL_DISORDERS	Cys	Cysteine	-	RAMP_C_000218469	RAMP_OL_000000118
HEALTH_GASTROINTESTINAL_DISORDERS	FA 10:0	Capric acid	-	RAMP_C_000218305	RAMP_OL_000000118
HEALTH_GASTROINTESTINAL_DISORDERS	FA 3:0	Propanoic acid	-	RAMP_C_000220356	RAMP_OL_000000118
HEALTH_GASTROINTESTINAL_DISORDERS	FA 4:0	Butyric acid	-	RAMP_C_000000028	RAMP_OL_000000118
HEALTH_GASTROINTESTINAL_DISORDERS	FA 8:0	Caprylic acid	-	RAMP_C_000217324	RAMP_OL_000000118
HEALTH_GASTROINTESTINAL_DISORDERS	Fumaric acid	Fumaric acid	-	RAMP_C_000218394	RAMP_OL_000000118
HEALTH_GASTROINTESTINAL_DISORDERS	Glucose	Glucose	-	RAMP_C_000000077	RAMP_OL_000000118
HEALTH_GASTROINTESTINAL_DISORDERS	Guanidinoacetic acid	Guanidinoacetic acid	-	RAMP_C_000219492	RAMP_OL_000000118
HEALTH_GASTROINTESTINAL_DISORDERS	HCys	Homocysteine	-	RAMP_C_000218762	RAMP_OL_000000118
HEALTH_GASTROINTESTINAL_DISORDERS	HipAcid	Hippuric acid	-	RAMP_C_000000556	RAMP_OL_000000118
HEALTH_GASTROINTESTINAL_DISORDERS	Hypoxanthine	Hypoxanthine	-	RAMP_C_000000101	RAMP_OL_000000118
HEALTH_GASTROINTESTINAL_DISORDERS	Ind-SO4	Indoxyl sulfate	-	RAMP_C_000000528	RAMP_OL_000000118
HEALTH_GASTROINTESTINAL_DISORDERS	Indoxyl glucuronide	Indoxyl glucuronide	-	RAMP_C_000006276	RAMP_OL_000000118
HEALTH_GASTROINTESTINAL_DISORDERS	Kynurenic acid	Kynurenic acid	-	RAMP_C_000219506	RAMP_OL_000000118
HEALTH_GASTROINTESTINAL_DISORDERS	Nicotinamide (B3)	Nicotinamide (B3)	-	RAMP_C_000001067	RAMP_OL_000000118
HEALTH_GASTROINTESTINAL_DISORDERS	Nicotine	Nicotine	-	RAMP_C_000158862	RAMP_OL_000000118
HEALTH_GASTROINTESTINAL_DISORDERS	Norepinephrine	Norepinephrine	-	RAMP_C_000219112	RAMP_OL_000000118
HEALTH_GASTROINTESTINAL_DISORDERS	Oxalic acid	Oxalic acid	-	RAMP_C_000001542	RAMP_OL_000000118
HEALTH_GASTROINTESTINAL_DISORDERS	Phenylacetic acid	Phenylacetic acid	-	RAMP_C_000000134	RAMP_OL_000000118
HEALTH_GASTROINTESTINAL_DISORDERS	Pyridoxine (B6)	Pyridoxine (B6)	-	RAMP_C_000000160	RAMP_OL_000000118
HEALTH_GASTROINTESTINAL_DISORDERS	SDMA	Symmetric dimethylarginine	-	RAMP_C_000001813	RAMP_OL_000000118
HEALTH_GASTROINTESTINAL_DISORDERS	Spermidine	Spermidine	-	RAMP_C_000000954	RAMP_OL_000000118
HEALTH_GASTROINTESTINAL_DISORDERS	Spermine	Spermine	-	RAMP_C_000218544	RAMP_OL_000000118
HEALTH_GASTROINTESTINAL_DISORDERS	Suc	Succinic acid	-	RAMP_C_000218399	RAMP_OL_000000118
HEALTH_GASTROINTESTINAL_DISORDERS	TMAO	Trimethylamine N-oxide	-	RAMP_C_000000723	RAMP_OL_000000118
HEALTH_GASTROINTESTINAL_DISORDERS	Trp	Tryptophan	-	RAMP_C_000218721	RAMP_OL_000000118
HEALTH_GASTROINTESTINAL_DISORDERS	Tyramine	Tyramine	-	RAMP_C_000000209	RAMP_OL_000000118
HEALTH_GASTROINTESTINAL_DISORDERS	Uric acid	Uric acid	-	RAMP_C_000000194	RAMP_OL_000000118
HEALTH_GASTROINTESTINAL_DISORDERS	p-Cresol-SO4	p-Cresol sulfate	-	RAMP_C_000007164	RAMP_OL_000000118
HEALTH_HEADACHE	FA 4:0	Butyric acid	-	RAMP_C_000000028	RAMP_OL_000000117
HEALTH_HEADACHE	Tyramine	Tyramine	-	RAMP_C_000000209	RAMP_OL_000000117
HEALTH_HEADACHE	cAMP	Adenosine monophosphate, cyclic (cAMP)	-	RAMP_C_000218758	RAMP_OL_000000117
HEALTH_HEADACHE	cGMP	Guanosine monophosphate, cyclic (cGMP)	-	RAMP_C_000000995	RAMP_OL_000000117
HEALTH_HEART_FAILURE	Ala	Alanine	-	RAMP_C_000000104	RAMP_OL_000000104
HEALTH_HEART_FAILURE	Arg	Arginine	-	RAMP_C_000042003	RAMP_OL_000000104
HEALTH_HEART_FAILURE	Glu	Glutamic acid	-	RAMP_C_000218397	RAMP_OL_000000104
HEALTH_HEART_FAILURE	Ile	Isoleucine	-	RAMP_C_000218741	RAMP_OL_000000104
HEALTH_HEART_FAILURE	Leu	Leucine	-	RAMP_C_000000532	RAMP_OL_000000104
HEALTH_HEART_FAILURE	Met	Methionine	-	RAMP_C_000218711	RAMP_OL_000000104
HEALTH_HEART_FAILURE	PAG	Phenylacetylglycine	-	RAMP_C_000000643	RAMP_OL_000000104
HEALTH_HEART_FAILURE	Ser	Serine	-	RAMP_C_000218440	RAMP_OL_000000104
HEALTH_HEART_FAILURE	Taurine	Taurine	-	RAMP_C_000218584	RAMP_OL_000000104
HEALTH_HEART_FAILURE	Thr	Threonine	-	RAMP_C_000218724	RAMP_OL_000000104
HEALTH_HEMODIALYSIS	Betaine	Betaine	-	RAMP_C_000000030	RAMP_OL_000000126
HEALTH_HEMODIALYSIS	Glycolic acid	Glycolic acid	-	RAMP_C_000000073	RAMP_OL_000000126
HEALTH_HEMODIALYSIS	HCys	Homocysteine	-	RAMP_C_000218762	RAMP_OL_000000126
HEALTH_HEMODIALYSIS	Histamine	Histamine	-	RAMP_C_000000678	RAMP_OL_000000126
HEALTH_HEMODIALYSIS	Oxalic acid	Oxalic acid	-	RAMP_C_000001542	RAMP_OL_000000126
HEALTH_HEMODIALYSIS	Pro	Proline	-	RAMP_C_000218861	RAMP_OL_000000126
HEALTH_HEMODIALYSIS	Xanthurenic acid	Xanthurenic acid	-	RAMP_C_000000688	RAMP_OL_000000126
HEALTH_HEMODIALYSIS	p-Cresol-SO4	p-Cresol sulfate	-	RAMP_C_000007164	RAMP_OL_000000126
HEALTH_HEMODIALYSIS	t4-OH-Pro	trans-4-Hydroxyproline	-	RAMP_C_000000565	RAMP_OL_000000126
HEALTH_HEPATOBILIARY_DISORDERS	CA	Cholic acid	-	RAMP_C_000218390	RAMP_OL_000000103
HEALTH_HEPATOBILIARY_DISORDERS	CDCA	Chenodeoxycholic acid	-	RAMP_C_000000390	RAMP_OL_000000103
HEALTH_HEPATOBILIARY_DISORDERS	GABA	gamma-Aminobutyric acid	-	RAMP_C_000219510	RAMP_OL_000000103
HEALTH_HEPATOBILIARY_DISORDERS	GCA	Glycocholic acid	-	RAMP_C_000000089	RAMP_OL_000000103
HEALTH_HEPATOBILIARY_DISORDERS	GCDCA	Glycochenodeoxycholic acid	-	RAMP_C_000002951	RAMP_OL_000000103
HEALTH_HEPATOBILIARY_DISORDERS	Glycolic acid	Glycolic acid	-	RAMP_C_000000073	RAMP_OL_000000103
HEALTH_HEPATOBILIARY_DISORDERS	LCA	Lithocholic acid	-	RAMP_C_000000277	RAMP_OL_000000103
HEALTH_HEPATOBILIARY_DISORDERS	Lac	Lactic acid	-	RAMP_C_000218078	RAMP_OL_000000103
HEALTH_HEPATOBILIARY_DISORDERS	Quinolinic acid	Quinolinic acid	-	RAMP_C_000000155	RAMP_OL_000000103
HEALTH_HEPATOBILIARY_DISORDERS	TCA	Taurocholic acid	-	RAMP_C_000171306	RAMP_OL_000000103
HEALTH_HEPATOBILIARY_DISORDERS	TCDCA	Taurochenodeoxycholic acid	-	RAMP_C_000219362	RAMP_OL_000000103
HEALTH_HYPERTENSION	C0	Carnitine	-	RAMP_C_000274496	RAMP_OL_000000109
HEALTH_HYPERTENSION	FA 18:2	Linoleic acid	-	RAMP_C_000263195	RAMP_OL_000000109
HEALTH_HYPERTENSION	FA 20:4n-6 (AA)	Arachidonic acid (AA; omega6)	-	RAMP_C_000000804	RAMP_OL_000000109
HEALTH_HYPERTENSION	FA 20:5n-3 (EPA)	Eicosapentaenoic acid (EPA; omega3)	-	RAMP_C_000001315	RAMP_OL_000000109
HEALTH_HYPERTENSION	FA 22:6n-3 (DHA)	Docosahexaenoic acid (DHA; omega3)	-	RAMP_C_000001447	RAMP_OL_000000109
HEALTH_HYPERTENSION	FA 4:0	Butyric acid	-	RAMP_C_000000028	RAMP_OL_000000109
HEALTH_HYPERTENSION	Fructose	Fructose	-	RAMP_C_000000509	RAMP_OL_000000109
HEALTH_HYPERTENSION	Glycolic acid	Glycolic acid	-	RAMP_C_000000073	RAMP_OL_000000109
HEALTH_HYPERTENSION	Tyramine	Tyramine	-	RAMP_C_000000209	RAMP_OL_000000109
HEALTH_HYPERTENSION	Uracil	Uracil	-	RAMP_C_000000203	RAMP_OL_000000109
HEALTH_HYPERTENSION	Uric acid	Uric acid	-	RAMP_C_000000194	RAMP_OL_000000109
HEALTH_HYPOGLYCEMIA	FA 10:0	Capric acid	-	RAMP_C_000218305	RAMP_OL_000000110
HEALTH_HYPOGLYCEMIA	FA 4:0	Butyric acid	-	RAMP_C_000000028	RAMP_OL_000000110
HEALTH_HYPOGLYCEMIA	FA 8:0	Caprylic acid	-	RAMP_C_000217324	RAMP_OL_000000110
HEALTH_HYPOGLYCEMIA	Tyramine	Tyramine	-	RAMP_C_000000209	RAMP_OL_000000110
HEALTH_HYPOGLYCEMIA	Val	Valine	-	RAMP_C_000218704	RAMP_OL_000000110
HEALTH_HYPOTENSION	FA 4:0	Butyric acid	-	RAMP_C_000000028	RAMP_OL_000000108
HEALTH_HYPOTENSION	Nicotine	Nicotine	-	RAMP_C_000158862	RAMP_OL_000000108
HEALTH_HYPOTENSION	Tyramine	Tyramine	-	RAMP_C_000000209	RAMP_OL_000000108
HEALTH_INFECTIONS_AND_INFESTATIONS	3-IAA	3-Indoleacetic acid	-	RAMP_C_000000127	RAMP_OL_000000098
HEALTH_INFECTIONS_AND_INFESTATIONS	3-OH-Butyric acid	3-Hydroxybutyric acid	-	RAMP_C_000218499	RAMP_OL_000000098
HEALTH_INFECTIONS_AND_INFESTATIONS	Adenine	Adenine	-	RAMP_C_000000024	RAMP_OL_000000098
HEALTH_INFECTIONS_AND_INFESTATIONS	Ala	Alanine	-	RAMP_C_000000104	RAMP_OL_000000098
HEALTH_INFECTIONS_AND_INFESTATIONS	DOPAC	3,4-Dihydroxyphenylacetic acid	-	RAMP_C_000001011	RAMP_OL_000000098
HEALTH_INFECTIONS_AND_INFESTATIONS	GABA	gamma-Aminobutyric acid	-	RAMP_C_000219510	RAMP_OL_000000098
HEALTH_INFECTIONS_AND_INFESTATIONS	Nitro-Tyr	Nitrotyrosine	-	RAMP_C_000001250	RAMP_OL_000000098
HEALTH_INFECTIONS_AND_INFESTATIONS	Pyruvic acid	Pyruvic acid	-	RAMP_C_000218028	RAMP_OL_000000098
HEALTH_INFECTIONS_AND_INFESTATIONS	Urea	Urea	-	RAMP_C_000000199	RAMP_OL_000000098
HEALTH_INFECTIONS_AND_INFESTATIONS	Uric acid	Uric acid	-	RAMP_C_000000194	RAMP_OL_000000098
HEALTH_INFECTIONS_AND_INFESTATIONS	cAMP	Adenosine monophosphate, cyclic (cAMP)	-	RAMP_C_000218758	RAMP_OL_000000098
HEALTH_KIDNEY_DISEASE	1-Met-His	1-Methylhistidine	-	RAMP_C_000000001	RAMP_OL_000000091
HEALTH_KIDNEY_DISEASE	2-Met-HipAcid	2-Methylhippuric acid	-	RAMP_C_000000556	RAMP_OL_000000091
HEALTH_KIDNEY_DISEASE	3-IAA	3-Indoleacetic acid	-	RAMP_C_000000127	RAMP_OL_000000091
HEALTH_KIDNEY_DISEASE	3-Met-His	3-Methylhistidine	-	RAMP_C_000000001	RAMP_OL_000000091
HEALTH_KIDNEY_DISEASE	ADMA	Asymmetric dimethylarginine	-	RAMP_C_000218780	RAMP_OL_000000091
HEALTH_KIDNEY_DISEASE	Anthranilic acid	Anthranilic acid	-	RAMP_C_000219500	RAMP_OL_000000091
HEALTH_KIDNEY_DISEASE	Argininic acid	Argininic acid	-	RAMP_C_000001757	RAMP_OL_000000091
HEALTH_KIDNEY_DISEASE	CMPF	3-Carboxy-4-methyl-5-propyl-2-furanpropionic acid	-	RAMP_C_000040987	RAMP_OL_000000091
HEALTH_KIDNEY_DISEASE	Cadaverine	Cadaverine	-	RAMP_C_000263953	RAMP_OL_000000091
HEALTH_KIDNEY_DISEASE	Cys	Cysteine	-	RAMP_C_000218469	RAMP_OL_000000091
HEALTH_KIDNEY_DISEASE	DMG	Dimethylglycine	-	RAMP_C_000000062	RAMP_OL_000000091
HEALTH_KIDNEY_DISEASE	Glucose	Glucose	-	RAMP_C_000000077	RAMP_OL_000000091
HEALTH_KIDNEY_DISEASE	Guanidinoacetic acid	Guanidinoacetic acid	-	RAMP_C_000219492	RAMP_OL_000000091
HEALTH_KIDNEY_DISEASE	HipAcid	Hippuric acid	-	RAMP_C_000000556	RAMP_OL_000000091
HEALTH_KIDNEY_DISEASE	Histamine	Histamine	-	RAMP_C_000000678	RAMP_OL_000000091
HEALTH_KIDNEY_DISEASE	Ind-SO4	Indoxyl sulfate	-	RAMP_C_000000528	RAMP_OL_000000091
HEALTH_KIDNEY_DISEASE	Indoxyl glucuronide	Indoxyl glucuronide	-	RAMP_C_000006276	RAMP_OL_000000091
HEALTH_KIDNEY_DISEASE	Inosine	Inosine	-	RAMP_C_000000126	RAMP_OL_000000091
HEALTH_KIDNEY_DISEASE	Kynurenic acid	Kynurenic acid	-	RAMP_C_000219506	RAMP_OL_000000091
HEALTH_KIDNEY_DISEASE	Nicotinamide (B3)	Nicotinamide (B3)	-	RAMP_C_000001067	RAMP_OL_000000091
HEALTH_KIDNEY_DISEASE	Norepinephrine	Norepinephrine	-	RAMP_C_000219112	RAMP_OL_000000091
HEALTH_KIDNEY_DISEASE	Phenylacetic acid	Phenylacetic acid	-	RAMP_C_000000134	RAMP_OL_000000091
HEALTH_KIDNEY_DISEASE	SDMA	Symmetric dimethylarginine	-	RAMP_C_000001813	RAMP_OL_000000091
HEALTH_KIDNEY_DISEASE	Spermidine	Spermidine	-	RAMP_C_000000954	RAMP_OL_000000091
HEALTH_KIDNEY_DISEASE	Spermine	Spermine	-	RAMP_C_000218544	RAMP_OL_000000091
HEALTH_KIDNEY_DISEASE	TMAO	Trimethylamine N-oxide	-	RAMP_C_000000723	RAMP_OL_000000091
HEALTH_KIDNEY_DISEASE	p-Cresol-SO4	p-Cresol sulfate	-	RAMP_C_000007164	RAMP_OL_000000091
HEALTH_LETHARGY	FA 10:0	Capric acid	-	RAMP_C_000218305	RAMP_OL_000000129
HEALTH_LETHARGY	FA 3:0	Propanoic acid	-	RAMP_C_000220356	RAMP_OL_000000129
HEALTH_LETHARGY	FA 8:0	Caprylic acid	-	RAMP_C_000217324	RAMP_OL_000000129
HEALTH_LEUKEMIA	Ala	Alanine	-	RAMP_C_000000104	RAMP_OL_000000096
HEALTH_LEUKEMIA	Arg	Arginine	-	RAMP_C_000042003	RAMP_OL_000000096
HEALTH_LEUKEMIA	Asn	Asparagine	-	RAMP_C_000218742	RAMP_OL_000000096
HEALTH_LEUKEMIA	Gln	Glutamine	-	RAMP_C_000218784	RAMP_OL_000000096
HEALTH_LEUKEMIA	Glu	Glutamic acid	-	RAMP_C_000218397	RAMP_OL_000000096
HEALTH_LEUKEMIA	Gly	Glycine	-	RAMP_C_000000078	RAMP_OL_000000096
HEALTH_LEUKEMIA	His	Histidine	-	RAMP_C_000218426	RAMP_OL_000000096
HEALTH_LEUKEMIA	Ile	Isoleucine	-	RAMP_C_000218741	RAMP_OL_000000096
HEALTH_LEUKEMIA	Leu	Leucine	-	RAMP_C_000000532	RAMP_OL_000000096
HEALTH_LEUKEMIA	Lys	Lysine	-	RAMP_C_000000117	RAMP_OL_000000096
HEALTH_LEUKEMIA	Met	Methionine	-	RAMP_C_000218711	RAMP_OL_000000096
HEALTH_LEUKEMIA	Orn	Ornithine	-	RAMP_C_000218554	RAMP_OL_000000096
HEALTH_LEUKEMIA	Phe	Phenylalanine	-	RAMP_C_000218749	RAMP_OL_000000096
HEALTH_LEUKEMIA	Ser	Serine	-	RAMP_C_000218440	RAMP_OL_000000096
HEALTH_LEUKEMIA	Taurine	Taurine	-	RAMP_C_000218584	RAMP_OL_000000096
HEALTH_LEUKEMIA	Thr	Threonine	-	RAMP_C_000218724	RAMP_OL_000000096
HEALTH_LEUKEMIA	Trp	Tryptophan	-	RAMP_C_000218721	RAMP_OL_000000096
HEALTH_LEUKEMIA	Tyr	Tyrosine	-	RAMP_C_000218778	RAMP_OL_000000096
HEALTH_LEUKEMIA	Val	Valine	-	RAMP_C_000218704	RAMP_OL_000000096
HEALTH_LIPOTOXICITY	Cer d18:0/18:0	Cer d18:0/18:0	-	RAMP_C_000007269	RAMP_OL_000000160
HEALTH_LIPOTOXICITY	Cer d18:0/20:0	Cer d18:0/20:0	-	RAMP_C_000007272	RAMP_OL_000000160
HEALTH_LIPOTOXICITY	Cer d18:0/22:0	Cer d18:0/22:0	-	RAMP_C_000007273	RAMP_OL_000000160
HEALTH_LIPOTOXICITY	Cer d18:0/24:0	Cer d18:0/24:0	-	RAMP_C_000007276	RAMP_OL_000000160
HEALTH_LIPOTOXICITY	Cer d18:1/14:0	Cer d18:1/14:0	-	RAMP_C_000007281	RAMP_OL_000000160
HEALTH_LIPOTOXICITY	Cer d18:1/16:0	Cer d18:1/16:0	-	RAMP_C_000164181	RAMP_OL_000000160
HEALTH_LIPOTOXICITY	Cer d18:1/18:0	Cer d18:1/18:0	-	RAMP_C_000002275	RAMP_OL_000000160
HEALTH_LIPOTOXICITY	Cer d18:1/18:1	Cer d18:1/18:1	-	RAMP_C_000002273	RAMP_OL_000000160
HEALTH_LIPOTOXICITY	Cer d18:1/20:0	Cer d18:1/20:0	-	RAMP_C_000002276	RAMP_OL_000000160
HEALTH_LIPOTOXICITY	Cer d18:1/22:0	Cer d18:1/22:0	-	RAMP_C_000002277	RAMP_OL_000000160
HEALTH_LIPOTOXICITY	Cer d18:1/23:0	Cer d18:1/23:0	-	RAMP_C_000000743	RAMP_OL_000000160
HEALTH_LIPOTOXICITY	Cer d18:1/24:0	Cer d18:1/24:0	-	RAMP_C_000002280	RAMP_OL_000000160
HEALTH_LIPOTOXICITY	Cer d18:1/25:0	Cer d18:1/25:0	-	RAMP_C_000002281	RAMP_OL_000000160
HEALTH_LIPOTOXICITY	Cer d18:1/26:0	Cer d18:1/26:0	-	RAMP_C_000002279	RAMP_OL_000000160
HEALTH_LIPOTOXICITY	DG 14:0_14:0	DG 14:0_14:0	-	RAMP_C_000003008	RAMP_OL_000000160
HEALTH_LIPOTOXICITY	DG 14:0_18:1	DG 14:0_18:1	-	RAMP_C_000003015	RAMP_OL_000000160
HEALTH_LIPOTOXICITY	DG 14:0_20:0	DG 14:0_20:0	-	RAMP_C_000003020	RAMP_OL_000000160
HEALTH_LIPOTOXICITY	DG 14:1_18:1	DG 14:1_18:1	-	RAMP_C_000003043	RAMP_OL_000000160
HEALTH_LIPOTOXICITY	DG 14:1_20:2	DG 14:1_20:2	-	RAMP_C_000003051	RAMP_OL_000000160
HEALTH_LIPOTOXICITY	DG 16:0_16:0	DG 16:0_16:0	-	RAMP_C_000219428	RAMP_OL_000000160
HEALTH_LIPOTOXICITY	DG 16:0_16:1	DG 16:0_16:1	-	RAMP_C_000003099	RAMP_OL_000000160
HEALTH_LIPOTOXICITY	DG 16:0_18:1	DG 16:0_18:1	-	RAMP_C_000158340	RAMP_OL_000000160
HEALTH_LIPOTOXICITY	DG 16:0_20:0	DG 16:0_20:0	-	RAMP_C_000003107	RAMP_OL_000000160
HEALTH_LIPOTOXICITY	DG 16:0_20:3	DG 16:0_20:3	-	RAMP_C_000003110	RAMP_OL_000000160
HEALTH_LIPOTOXICITY	DG 16:0_20:4	DG 16:0_20:4	-	RAMP_C_000003112	RAMP_OL_000000160
HEALTH_LIPOTOXICITY	DG 16:1_18:0	DG 16:1_18:0	-	RAMP_C_000003129	RAMP_OL_000000160
HEALTH_LIPOTOXICITY	DG 16:1_18:1	DG 16:1_18:1	-	RAMP_C_000003130	RAMP_OL_000000160
HEALTH_LIPOTOXICITY	DG 16:1_20:0	DG 16:1_20:0	-	RAMP_C_000003136	RAMP_OL_000000160
HEALTH_LIPOTOXICITY	DG 18:0_20:4	DG 18:0_20:4	-	RAMP_C_000003170	RAMP_OL_000000160
HEALTH_LIPOTOXICITY	DG 18:1_18:1	DG 18:1_18:1	-	RAMP_C_000003188	RAMP_OL_000000160
HEALTH_LIPOTOXICITY	DG 18:1_20:0	DG 18:1_20:0	-	RAMP_C_000003223	RAMP_OL_000000160
HEALTH_LIPOTOXICITY	DG 18:1_20:1	DG 18:1_20:1	-	RAMP_C_000003195	RAMP_OL_000000160
HEALTH_LIPOTOXICITY	DG 18:1_20:2	DG 18:1_20:2	-	RAMP_C_000003196	RAMP_OL_000000160
HEALTH_LIPOTOXICITY	DG 18:1_20:3	DG 18:1_20:3	-	RAMP_C_000003197	RAMP_OL_000000160
HEALTH_LIPOTOXICITY	DG 18:1_20:4	DG 18:1_20:4	-	RAMP_C_000003199	RAMP_OL_000000160
HEALTH_LIPOTOXICITY	DG 18:1_22:5	DG 18:1_22:5	-	RAMP_C_000003206	RAMP_OL_000000160
HEALTH_LIPOTOXICITY	DG 18:1_22:6	DG 18:1_22:6	-	RAMP_C_000003208	RAMP_OL_000000160
HEALTH_LIPOTOXICITY	DG 18:2_20:0	DG 18:2_20:0	-	RAMP_C_000003252	RAMP_OL_000000160
HEALTH_LIPOTOXICITY	DG 18:2_20:4	DG 18:2_20:4	-	RAMP_C_000003257	RAMP_OL_000000160
HEALTH_LIPOTOXICITY	DG 18:3_20:2	DG 18:3_20:2	-	RAMP_C_000003283	RAMP_OL_000000160
HEALTH_LIPOTOXICITY	DG 22:1_22:2	DG 22:1_22:2	-	RAMP_C_000003639	RAMP_OL_000000160
HEALTH_LUNG_CANCER	2-Met-HipAcid	2-Methylhippuric acid	-	RAMP_C_000000556	RAMP_OL_000000100
HEALTH_LUNG_CANCER	2-OH-Isobutyric acid	2-Hydroxyisobutyric acid	-	RAMP_C_000000569	RAMP_OL_000000100
HEALTH_LUNG_CANCER	Adipic acid	Adipic acid	-	RAMP_C_000000336	RAMP_OL_000000100
HEALTH_LUNG_CANCER	Ala	Alanine	-	RAMP_C_000000104	RAMP_OL_000000100
HEALTH_LUNG_CANCER	Betaine	Betaine	-	RAMP_C_000000030	RAMP_OL_000000100
HEALTH_LUNG_CANCER	C0	Carnitine	-	RAMP_C_000274496	RAMP_OL_000000100
HEALTH_LUNG_CANCER	Choline	Choline	-	RAMP_C_000000065	RAMP_OL_000000100
HEALTH_LUNG_CANCER	Citric acid	Citric acid	-	RAMP_C_000218121	RAMP_OL_000000100
HEALTH_LUNG_CANCER	Creatine	Creatine	-	RAMP_C_000000046	RAMP_OL_000000100
HEALTH_LUNG_CANCER	FA 2:0	Acetic acid	-	RAMP_C_000218400	RAMP_OL_000000100
HEALTH_LUNG_CANCER	Fumaric acid	Fumaric acid	-	RAMP_C_000218394	RAMP_OL_000000100
HEALTH_LUNG_CANCER	Gly	Glycine	-	RAMP_C_000000078	RAMP_OL_000000100
HEALTH_LUNG_CANCER	Glycolic acid	Glycolic acid	-	RAMP_C_000000073	RAMP_OL_000000100
HEALTH_LUNG_CANCER	HipAcid	Hippuric acid	-	RAMP_C_000000556	RAMP_OL_000000100
HEALTH_LUNG_CANCER	Hypoxanthine	Hypoxanthine	-	RAMP_C_000000101	RAMP_OL_000000100
HEALTH_LUNG_CANCER	Suc	Succinic acid	-	RAMP_C_000218399	RAMP_OL_000000100
HEALTH_LUNG_CANCER	TMAO	Trimethylamine N-oxide	-	RAMP_C_000000723	RAMP_OL_000000100
HEALTH_LUNG_CANCER	Taurine	Taurine	-	RAMP_C_000218584	RAMP_OL_000000100
HEALTH_LUNG_CANCER	Trigonelline	Trigonelline	-	RAMP_C_000000683	RAMP_OL_000000100
HEALTH_LUNG_CANCER	Val	Valine	-	RAMP_C_000218704	RAMP_OL_000000100
HEALTH_METABOLIC_SYNDROME	Cer d18:0/18:0	Cer d18:0/18:0	-	RAMP_C_000007269	RAMP_OL_000000102
HEALTH_METABOLIC_SYNDROME	Cer d18:0/20:0	Cer d18:0/20:0	-	RAMP_C_000007272	RAMP_OL_000000102
HEALTH_METABOLIC_SYNDROME	Cer d18:0/22:0	Cer d18:0/22:0	-	RAMP_C_000007273	RAMP_OL_000000102
HEALTH_METABOLIC_SYNDROME	Cer d18:0/24:0	Cer d18:0/24:0	-	RAMP_C_000007276	RAMP_OL_000000102
HEALTH_METABOLIC_SYNDROME	Cer d18:1/14:0	Cer d18:1/14:0	-	RAMP_C_000007281	RAMP_OL_000000102
HEALTH_METABOLIC_SYNDROME	Cer d18:1/16:0	Cer d18:1/16:0	-	RAMP_C_000164181	RAMP_OL_000000102
HEALTH_METABOLIC_SYNDROME	Cer d18:1/18:0	Cer d18:1/18:0	-	RAMP_C_000002275	RAMP_OL_000000102
HEALTH_METABOLIC_SYNDROME	Cer d18:1/18:1	Cer d18:1/18:1	-	RAMP_C_000002273	RAMP_OL_000000102
HEALTH_METABOLIC_SYNDROME	Cer d18:1/20:0	Cer d18:1/20:0	-	RAMP_C_000002276	RAMP_OL_000000102
HEALTH_METABOLIC_SYNDROME	Cer d18:1/22:0	Cer d18:1/22:0	-	RAMP_C_000002277	RAMP_OL_000000102
HEALTH_METABOLIC_SYNDROME	Cer d18:1/23:0	Cer d18:1/23:0	-	RAMP_C_000000743	RAMP_OL_000000102
HEALTH_METABOLIC_SYNDROME	Cer d18:1/24:0	Cer d18:1/24:0	-	RAMP_C_000002280	RAMP_OL_000000102
HEALTH_METABOLIC_SYNDROME	Cer d18:1/25:0	Cer d18:1/25:0	-	RAMP_C_000002281	RAMP_OL_000000102
HEALTH_METABOLIC_SYNDROME	Cer d18:1/26:0	Cer d18:1/26:0	-	RAMP_C_000002279	RAMP_OL_000000102
HEALTH_METABOLIC_SYNDROME	DG 14:0_14:0	DG 14:0_14:0	-	RAMP_C_000003008	RAMP_OL_000000102
HEALTH_METABOLIC_SYNDROME	DG 14:0_18:1	DG 14:0_18:1	-	RAMP_C_000003015	RAMP_OL_000000102
HEALTH_METABOLIC_SYNDROME	DG 14:0_20:0	DG 14:0_20:0	-	RAMP_C_000003020	RAMP_OL_000000102
HEALTH_METABOLIC_SYNDROME	DG 14:1_18:1	DG 14:1_18:1	-	RAMP_C_000003043	RAMP_OL_000000102
HEALTH_METABOLIC_SYNDROME	DG 14:1_20:2	DG 14:1_20:2	-	RAMP_C_000003051	RAMP_OL_000000102
HEALTH_METABOLIC_SYNDROME	DG 16:0_16:0	DG 16:0_16:0	-	RAMP_C_000219428	RAMP_OL_000000102
HEALTH_METABOLIC_SYNDROME	DG 16:0_16:1	DG 16:0_16:1	-	RAMP_C_000003099	RAMP_OL_000000102
HEALTH_METABOLIC_SYNDROME	DG 16:0_18:1	DG 16:0_18:1	-	RAMP_C_000158340	RAMP_OL_000000102
HEALTH_METABOLIC_SYNDROME	DG 16:0_20:0	DG 16:0_20:0	-	RAMP_C_000003107	RAMP_OL_000000102
HEALTH_METABOLIC_SYNDROME	DG 16:0_20:3	DG 16:0_20:3	-	RAMP_C_000003110	RAMP_OL_000000102
HEALTH_METABOLIC_SYNDROME	DG 16:0_20:4	DG 16:0_20:4	-	RAMP_C_000003112	RAMP_OL_000000102
HEALTH_METABOLIC_SYNDROME	DG 16:1_18:0	DG 16:1_18:0	-	RAMP_C_000003129	RAMP_OL_000000102
HEALTH_METABOLIC_SYNDROME	DG 16:1_18:1	DG 16:1_18:1	-	RAMP_C_000003130	RAMP_OL_000000102
HEALTH_METABOLIC_SYNDROME	DG 16:1_20:0	DG 16:1_20:0	-	RAMP_C_000003136	RAMP_OL_000000102
HEALTH_METABOLIC_SYNDROME	DG 18:0_20:4	DG 18:0_20:4	-	RAMP_C_000003170	RAMP_OL_000000102
HEALTH_METABOLIC_SYNDROME	DG 18:1_18:1	DG 18:1_18:1	-	RAMP_C_000003188	RAMP_OL_000000102
HEALTH_METABOLIC_SYNDROME	DG 18:1_20:0	DG 18:1_20:0	-	RAMP_C_000003223	RAMP_OL_000000102
HEALTH_METABOLIC_SYNDROME	DG 18:1_20:1	DG 18:1_20:1	-	RAMP_C_000003195	RAMP_OL_000000102
HEALTH_METABOLIC_SYNDROME	DG 18:1_20:2	DG 18:1_20:2	-	RAMP_C_000003196	RAMP_OL_000000102
HEALTH_METABOLIC_SYNDROME	DG 18:1_20:3	DG 18:1_20:3	-	RAMP_C_000003197	RAMP_OL_000000102
HEALTH_METABOLIC_SYNDROME	DG 18:1_20:4	DG 18:1_20:4	-	RAMP_C_000003199	RAMP_OL_000000102
HEALTH_METABOLIC_SYNDROME	DG 18:1_22:5	DG 18:1_22:5	-	RAMP_C_000003206	RAMP_OL_000000102
HEALTH_METABOLIC_SYNDROME	DG 18:1_22:6	DG 18:1_22:6	-	RAMP_C_000003208	RAMP_OL_000000102
HEALTH_METABOLIC_SYNDROME	DG 18:2_20:0	DG 18:2_20:0	-	RAMP_C_000003252	RAMP_OL_000000102
HEALTH_METABOLIC_SYNDROME	DG 18:2_20:4	DG 18:2_20:4	-	RAMP_C_000003257	RAMP_OL_000000102
HEALTH_METABOLIC_SYNDROME	DG 18:3_20:2	DG 18:3_20:2	-	RAMP_C_000003283	RAMP_OL_000000102
HEALTH_METABOLIC_SYNDROME	DG 22:1_22:2	DG 22:1_22:2	-	RAMP_C_000003639	RAMP_OL_000000102
HEALTH_METABOLIC_SYNDROME	Fructose	Fructose	-	RAMP_C_000000509	RAMP_OL_000000102
HEALTH_METABOLISM_AND_NUTRITION_DISORDERS	1-Met-His	1-Methylhistidine	-	RAMP_C_000000001	RAMP_OL_000000093
HEALTH_METABOLISM_AND_NUTRITION_DISORDERS	3-Met-His	3-Methylhistidine	-	RAMP_C_000000001	RAMP_OL_000000093
HEALTH_METABOLISM_AND_NUTRITION_DISORDERS	3-OH-Butyric acid	3-Hydroxybutyric acid	-	RAMP_C_000218499	RAMP_OL_000000093
HEALTH_METABOLISM_AND_NUTRITION_DISORDERS	3-OH-Glutaric acid	3-Hydroxyglutaric acid	-	RAMP_C_000000320	RAMP_OL_000000093
HEALTH_METABOLISM_AND_NUTRITION_DISORDERS	5-Oxo-Pro	5-Oxoproline	-	RAMP_C_000263954	RAMP_OL_000000093
HEALTH_METABOLISM_AND_NUTRITION_DISORDERS	Adipic acid	Adipic acid	-	RAMP_C_000000336	RAMP_OL_000000093
HEALTH_METABOLISM_AND_NUTRITION_DISORDERS	CE 22:5	CE 22:5	-	RAMP_C_000006329	RAMP_OL_000000093
HEALTH_METABOLISM_AND_NUTRITION_DISORDERS	Carnosine	Carnosine	-	RAMP_C_000218666	RAMP_OL_000000093
HEALTH_METABOLISM_AND_NUTRITION_DISORDERS	E-3-Met-glutaconic acid	E-3-Methylglutaconic acid	-	RAMP_C_000000393	RAMP_OL_000000093
HEALTH_METABOLISM_AND_NUTRITION_DISORDERS	FA 10:0	Capric acid	-	RAMP_C_000218305	RAMP_OL_000000093
HEALTH_METABOLISM_AND_NUTRITION_DISORDERS	FA 3:0	Propanoic acid	-	RAMP_C_000220356	RAMP_OL_000000093
HEALTH_METABOLISM_AND_NUTRITION_DISORDERS	FA 4:0	Butyric acid	-	RAMP_C_000000028	RAMP_OL_000000093
HEALTH_METABOLISM_AND_NUTRITION_DISORDERS	FA 8:0	Caprylic acid	-	RAMP_C_000217324	RAMP_OL_000000093
HEALTH_METABOLISM_AND_NUTRITION_DISORDERS	Fructose	Fructose	-	RAMP_C_000000509	RAMP_OL_000000093
HEALTH_METABOLISM_AND_NUTRITION_DISORDERS	GABA	gamma-Aminobutyric acid	-	RAMP_C_000219510	RAMP_OL_000000093
HEALTH_METABOLISM_AND_NUTRITION_DISORDERS	GCA	Glycocholic acid	-	RAMP_C_000000089	RAMP_OL_000000093
HEALTH_METABOLISM_AND_NUTRITION_DISORDERS	Glucose	Glucose	-	RAMP_C_000000077	RAMP_OL_000000093
HEALTH_METABOLISM_AND_NUTRITION_DISORDERS	Glutaric acid	Glutaric acid	-	RAMP_C_000000510	RAMP_OL_000000093
HEALTH_METABOLISM_AND_NUTRITION_DISORDERS	Glycolic acid	Glycolic acid	-	RAMP_C_000000073	RAMP_OL_000000093
HEALTH_METABOLISM_AND_NUTRITION_DISORDERS	Lac	Lactic acid	-	RAMP_C_000218078	RAMP_OL_000000093
HEALTH_METABOLISM_AND_NUTRITION_DISORDERS	Nicotinic acid (B3)	Nicotinic acid (B3)	-	RAMP_C_000218427	RAMP_OL_000000093
HEALTH_METABOLISM_AND_NUTRITION_DISORDERS	Oxalic acid	Oxalic acid	-	RAMP_C_000001542	RAMP_OL_000000093
HEALTH_METABOLISM_AND_NUTRITION_DISORDERS	Pyruvic acid	Pyruvic acid	-	RAMP_C_000218028	RAMP_OL_000000093
HEALTH_METABOLISM_AND_NUTRITION_DISORDERS	Suberic acid	Suberic acid	-	RAMP_C_000000697	RAMP_OL_000000093
HEALTH_METABOLISM_AND_NUTRITION_DISORDERS	Thymine	Thymine	-	RAMP_C_000000178	RAMP_OL_000000093
HEALTH_METABOLISM_AND_NUTRITION_DISORDERS	Tyramine	Tyramine	-	RAMP_C_000000209	RAMP_OL_000000093
HEALTH_METABOLISM_AND_NUTRITION_DISORDERS	Uracil	Uracil	-	RAMP_C_000000203	RAMP_OL_000000093
HEALTH_METABOLISM_AND_NUTRITION_DISORDERS	Uric acid	Uric acid	-	RAMP_C_000000194	RAMP_OL_000000093
HEALTH_METABOLISM_AND_NUTRITION_DISORDERS	Val	Valine	-	RAMP_C_000218704	RAMP_OL_000000093
HEALTH_METABOLISM_AND_NUTRITION_DISORDERS	alpha-AAA	alpha-Aminoadipic acid	-	RAMP_C_000218812	RAMP_OL_000000093
HEALTH_METABOLISM_AND_NUTRITION_DISORDERS	beta-Ala	beta-Alanine	-	RAMP_C_000218729	RAMP_OL_000000093
HEALTH_MULTIPLE_SCLEROSIS	Cys	Cysteine	-	RAMP_C_000218469	RAMP_OL_000000124
HEALTH_MULTIPLE_SCLEROSIS	FA 2:0	Acetic acid	-	RAMP_C_000218400	RAMP_OL_000000124
HEALTH_MULTIPLE_SCLEROSIS	HCys	Homocysteine	-	RAMP_C_000218762	RAMP_OL_000000124
HEALTH_MULTIPLE_SCLEROSIS	Uric acid	Uric acid	-	RAMP_C_000000194	RAMP_OL_000000124
HEALTH_MUSCLE_WEAKNESS	FA 4:0	Butyric acid	-	RAMP_C_000000028	RAMP_OL_000000113
HEALTH_MUSCLE_WEAKNESS	Pyridoxine (B6)	Pyridoxine (B6)	-	RAMP_C_000000160	RAMP_OL_000000113
HEALTH_MUSCLE_WEAKNESS	Tyramine	Tyramine	-	RAMP_C_000000209	RAMP_OL_000000113
HEALTH_MUSCULOSKELETAL_AND_CONNECTIVE_TISSUE_DISORDERS	FA 4:0	Butyric acid	-	RAMP_C_000000028	RAMP_OL_000000111
HEALTH_MUSCULOSKELETAL_AND_CONNECTIVE_TISSUE_DISORDERS	HCys	Homocysteine	-	RAMP_C_000218762	RAMP_OL_000000111
HEALTH_MUSCULOSKELETAL_AND_CONNECTIVE_TISSUE_DISORDERS	Oxalic acid	Oxalic acid	-	RAMP_C_000001542	RAMP_OL_000000111
HEALTH_MUSCULOSKELETAL_AND_CONNECTIVE_TISSUE_DISORDERS	Pyridoxine (B6)	Pyridoxine (B6)	-	RAMP_C_000000160	RAMP_OL_000000111
HEALTH_MUSCULOSKELETAL_AND_CONNECTIVE_TISSUE_DISORDERS	Tyramine	Tyramine	-	RAMP_C_000000209	RAMP_OL_000000111
HEALTH_MUSCULOSKELETAL_AND_CONNECTIVE_TISSUE_DISORDERS	Uric acid	Uric acid	-	RAMP_C_000000194	RAMP_OL_000000111
HEALTH_NAUSEA	2-Met-HipAcid	2-Methylhippuric acid	-	RAMP_C_000000556	RAMP_OL_000000120
HEALTH_NAUSEA	3-IAA	3-Indoleacetic acid	-	RAMP_C_000000127	RAMP_OL_000000120
HEALTH_NAUSEA	ADMA	Asymmetric dimethylarginine	-	RAMP_C_000218780	RAMP_OL_000000120
HEALTH_NAUSEA	Anthranilic acid	Anthranilic acid	-	RAMP_C_000219500	RAMP_OL_000000120
HEALTH_NAUSEA	Argininic acid	Argininic acid	-	RAMP_C_000001757	RAMP_OL_000000120
HEALTH_NAUSEA	CMPF	3-Carboxy-4-methyl-5-propyl-2-furanpropionic acid	-	RAMP_C_000040987	RAMP_OL_000000120
HEALTH_NAUSEA	Cys	Cysteine	-	RAMP_C_000218469	RAMP_OL_000000120
HEALTH_NAUSEA	FA 4:0	Butyric acid	-	RAMP_C_000000028	RAMP_OL_000000120
HEALTH_NAUSEA	Fumaric acid	Fumaric acid	-	RAMP_C_000218394	RAMP_OL_000000120
HEALTH_NAUSEA	Glucose	Glucose	-	RAMP_C_000000077	RAMP_OL_000000120
HEALTH_NAUSEA	Guanidinoacetic acid	Guanidinoacetic acid	-	RAMP_C_000219492	RAMP_OL_000000120
HEALTH_NAUSEA	HCys	Homocysteine	-	RAMP_C_000218762	RAMP_OL_000000120
HEALTH_NAUSEA	HipAcid	Hippuric acid	-	RAMP_C_000000556	RAMP_OL_000000120
HEALTH_NAUSEA	Hypoxanthine	Hypoxanthine	-	RAMP_C_000000101	RAMP_OL_000000120
HEALTH_NAUSEA	Ind-SO4	Indoxyl sulfate	-	RAMP_C_000000528	RAMP_OL_000000120
HEALTH_NAUSEA	Indoxyl glucuronide	Indoxyl glucuronide	-	RAMP_C_000006276	RAMP_OL_000000120
HEALTH_NAUSEA	Kynurenic acid	Kynurenic acid	-	RAMP_C_000219506	RAMP_OL_000000120
HEALTH_NAUSEA	Nicotinamide (B3)	Nicotinamide (B3)	-	RAMP_C_000001067	RAMP_OL_000000120
HEALTH_NAUSEA	Nicotine	Nicotine	-	RAMP_C_000158862	RAMP_OL_000000120
HEALTH_NAUSEA	Norepinephrine	Norepinephrine	-	RAMP_C_000219112	RAMP_OL_000000120
HEALTH_NAUSEA	Oxalic acid	Oxalic acid	-	RAMP_C_000001542	RAMP_OL_000000120
HEALTH_NAUSEA	Phenylacetic acid	Phenylacetic acid	-	RAMP_C_000000134	RAMP_OL_000000120
HEALTH_NAUSEA	SDMA	Symmetric dimethylarginine	-	RAMP_C_000001813	RAMP_OL_000000120
HEALTH_NAUSEA	Spermidine	Spermidine	-	RAMP_C_000000954	RAMP_OL_000000120
HEALTH_NAUSEA	Spermine	Spermine	-	RAMP_C_000218544	RAMP_OL_000000120
HEALTH_NAUSEA	TMAO	Trimethylamine N-oxide	-	RAMP_C_000000723	RAMP_OL_000000120
HEALTH_NAUSEA	Tyramine	Tyramine	-	RAMP_C_000000209	RAMP_OL_000000120
HEALTH_NAUSEA	Uric acid	Uric acid	-	RAMP_C_000000194	RAMP_OL_000000120
HEALTH_NAUSEA	p-Cresol-SO4	p-Cresol sulfate	-	RAMP_C_000007164	RAMP_OL_000000120
HEALTH_NERVOUS_SYSTEM_DISORDERS	2-Met-HipAcid	2-Methylhippuric acid	-	RAMP_C_000000556	RAMP_OL_000000115
HEALTH_NERVOUS_SYSTEM_DISORDERS	3-IAA	3-Indoleacetic acid	-	RAMP_C_000000127	RAMP_OL_000000115
HEALTH_NERVOUS_SYSTEM_DISORDERS	3-OH-Anthranilic acid	3-Hydroxyanthranilic acid	-	RAMP_C_000220389	RAMP_OL_000000115
HEALTH_NERVOUS_SYSTEM_DISORDERS	5-Oxo-Pro	5-Oxoproline	-	RAMP_C_000263954	RAMP_OL_000000115
HEALTH_NERVOUS_SYSTEM_DISORDERS	ADMA	Asymmetric dimethylarginine	-	RAMP_C_000218780	RAMP_OL_000000115
HEALTH_NERVOUS_SYSTEM_DISORDERS	Anthranilic acid	Anthranilic acid	-	RAMP_C_000219500	RAMP_OL_000000115
HEALTH_NERVOUS_SYSTEM_DISORDERS	Argininic acid	Argininic acid	-	RAMP_C_000001757	RAMP_OL_000000115
HEALTH_NERVOUS_SYSTEM_DISORDERS	C0	Carnitine	-	RAMP_C_000274496	RAMP_OL_000000115
HEALTH_NERVOUS_SYSTEM_DISORDERS	CMPF	3-Carboxy-4-methyl-5-propyl-2-furanpropionic acid	-	RAMP_C_000040987	RAMP_OL_000000115
HEALTH_NERVOUS_SYSTEM_DISORDERS	Cys	Cysteine	-	RAMP_C_000218469	RAMP_OL_000000115
HEALTH_NERVOUS_SYSTEM_DISORDERS	DHEAS	Dehydroepiandrosterone sulfate	-	RAMP_C_000269812	RAMP_OL_000000115
HEALTH_NERVOUS_SYSTEM_DISORDERS	FA 10:0	Capric acid	-	RAMP_C_000218305	RAMP_OL_000000115
HEALTH_NERVOUS_SYSTEM_DISORDERS	FA 22:6n-3 (DHA)	Docosahexaenoic acid (DHA; omega3)	-	RAMP_C_000001447	RAMP_OL_000000115
HEALTH_NERVOUS_SYSTEM_DISORDERS	FA 3:0	Propanoic acid	-	RAMP_C_000220356	RAMP_OL_000000115
HEALTH_NERVOUS_SYSTEM_DISORDERS	FA 4:0	Butyric acid	-	RAMP_C_000000028	RAMP_OL_000000115
HEALTH_NERVOUS_SYSTEM_DISORDERS	FA 8:0	Caprylic acid	-	RAMP_C_000217324	RAMP_OL_000000115
HEALTH_NERVOUS_SYSTEM_DISORDERS	Fumaric acid	Fumaric acid	-	RAMP_C_000218394	RAMP_OL_000000115
HEALTH_NERVOUS_SYSTEM_DISORDERS	Glucose	Glucose	-	RAMP_C_000000077	RAMP_OL_000000115
HEALTH_NERVOUS_SYSTEM_DISORDERS	Guanidinoacetic acid	Guanidinoacetic acid	-	RAMP_C_000219492	RAMP_OL_000000115
HEALTH_NERVOUS_SYSTEM_DISORDERS	HCys	Homocysteine	-	RAMP_C_000218762	RAMP_OL_000000115
HEALTH_NERVOUS_SYSTEM_DISORDERS	HipAcid	Hippuric acid	-	RAMP_C_000000556	RAMP_OL_000000115
HEALTH_NERVOUS_SYSTEM_DISORDERS	Hypoxanthine	Hypoxanthine	-	RAMP_C_000000101	RAMP_OL_000000115
HEALTH_NERVOUS_SYSTEM_DISORDERS	Ind-SO4	Indoxyl sulfate	-	RAMP_C_000000528	RAMP_OL_000000115
HEALTH_NERVOUS_SYSTEM_DISORDERS	Indoxyl glucuronide	Indoxyl glucuronide	-	RAMP_C_000006276	RAMP_OL_000000115
HEALTH_NERVOUS_SYSTEM_DISORDERS	Kynurenic acid	Kynurenic acid	-	RAMP_C_000219506	RAMP_OL_000000115
HEALTH_NERVOUS_SYSTEM_DISORDERS	Kynurenine	Kynurenine	-	RAMP_C_000000530	RAMP_OL_000000115
HEALTH_NERVOUS_SYSTEM_DISORDERS	Nicotinamide (B3)	Nicotinamide (B3)	-	RAMP_C_000001067	RAMP_OL_000000115
HEALTH_NERVOUS_SYSTEM_DISORDERS	Norepinephrine	Norepinephrine	-	RAMP_C_000219112	RAMP_OL_000000115
HEALTH_NERVOUS_SYSTEM_DISORDERS	Phe	Phenylalanine	-	RAMP_C_000218749	RAMP_OL_000000115
HEALTH_NERVOUS_SYSTEM_DISORDERS	Phenylacetic acid	Phenylacetic acid	-	RAMP_C_000000134	RAMP_OL_000000115
HEALTH_NERVOUS_SYSTEM_DISORDERS	Quinolinic acid	Quinolinic acid	-	RAMP_C_000000155	RAMP_OL_000000115
HEALTH_NERVOUS_SYSTEM_DISORDERS	SDMA	Symmetric dimethylarginine	-	RAMP_C_000001813	RAMP_OL_000000115
HEALTH_NERVOUS_SYSTEM_DISORDERS	Spermidine	Spermidine	-	RAMP_C_000000954	RAMP_OL_000000115
HEALTH_NERVOUS_SYSTEM_DISORDERS	Spermine	Spermine	-	RAMP_C_000218544	RAMP_OL_000000115
HEALTH_NERVOUS_SYSTEM_DISORDERS	TMAO	Trimethylamine N-oxide	-	RAMP_C_000000723	RAMP_OL_000000115
HEALTH_NERVOUS_SYSTEM_DISORDERS	Tyramine	Tyramine	-	RAMP_C_000000209	RAMP_OL_000000115
HEALTH_NERVOUS_SYSTEM_DISORDERS	Uric acid	Uric acid	-	RAMP_C_000000194	RAMP_OL_000000115
HEALTH_NERVOUS_SYSTEM_DISORDERS	Xanthine	Xanthine	-	RAMP_C_000000197	RAMP_OL_000000115
HEALTH_NERVOUS_SYSTEM_DISORDERS	cAMP	Adenosine monophosphate, cyclic (cAMP)	-	RAMP_C_000218758	RAMP_OL_000000115
HEALTH_NERVOUS_SYSTEM_DISORDERS	cGMP	Guanosine monophosphate, cyclic (cGMP)	-	RAMP_C_000000995	RAMP_OL_000000115
HEALTH_NERVOUS_SYSTEM_DISORDERS	p-Cresol-SO4	p-Cresol sulfate	-	RAMP_C_000007164	RAMP_OL_000000115
HEALTH_OBESITY	1-Met-His	1-Methylhistidine	-	RAMP_C_000000001	RAMP_OL_000000094
HEALTH_OBESITY	3-Met-His	3-Methylhistidine	-	RAMP_C_000000001	RAMP_OL_000000094
HEALTH_OBESITY	3-OH-Butyric acid	3-Hydroxybutyric acid	-	RAMP_C_000218499	RAMP_OL_000000094
HEALTH_OBESITY	Fructose	Fructose	-	RAMP_C_000000509	RAMP_OL_000000094
HEALTH_OBESITY	Uric acid	Uric acid	-	RAMP_C_000000194	RAMP_OL_000000094
HEALTH_PAIN	Glucose	Glucose	-	RAMP_C_000000077	RAMP_OL_000000131
HEALTH_PAIN	Nicotine	Nicotine	-	RAMP_C_000158862	RAMP_OL_000000131
HEALTH_PAIN	Oxalic acid	Oxalic acid	-	RAMP_C_000001542	RAMP_OL_000000131
HEALTH_PAIN	TMAO	Trimethylamine N-oxide	-	RAMP_C_000000723	RAMP_OL_000000131
HEALTH_PSYCHIATRIC_DISORDERS	2-Met-HipAcid	2-Methylhippuric acid	-	RAMP_C_000000556	RAMP_OL_000000121
HEALTH_PSYCHIATRIC_DISORDERS	3-IAA	3-Indoleacetic acid	-	RAMP_C_000000127	RAMP_OL_000000121
HEALTH_PSYCHIATRIC_DISORDERS	ADMA	Asymmetric dimethylarginine	-	RAMP_C_000218780	RAMP_OL_000000121
HEALTH_PSYCHIATRIC_DISORDERS	Anthranilic acid	Anthranilic acid	-	RAMP_C_000219500	RAMP_OL_000000121
HEALTH_PSYCHIATRIC_DISORDERS	Argininic acid	Argininic acid	-	RAMP_C_000001757	RAMP_OL_000000121
HEALTH_PSYCHIATRIC_DISORDERS	CMPF	3-Carboxy-4-methyl-5-propyl-2-furanpropionic acid	-	RAMP_C_000040987	RAMP_OL_000000121
HEALTH_PSYCHIATRIC_DISORDERS	Cys	Cysteine	-	RAMP_C_000218469	RAMP_OL_000000121
HEALTH_PSYCHIATRIC_DISORDERS	DHEAS	Dehydroepiandrosterone sulfate	-	RAMP_C_000269812	RAMP_OL_000000121
HEALTH_PSYCHIATRIC_DISORDERS	FA 4:0	Butyric acid	-	RAMP_C_000000028	RAMP_OL_000000121
HEALTH_PSYCHIATRIC_DISORDERS	Guanidinoacetic acid	Guanidinoacetic acid	-	RAMP_C_000219492	RAMP_OL_000000121
HEALTH_PSYCHIATRIC_DISORDERS	HCys	Homocysteine	-	RAMP_C_000218762	RAMP_OL_000000121
HEALTH_PSYCHIATRIC_DISORDERS	HipAcid	Hippuric acid	-	RAMP_C_000000556	RAMP_OL_000000121
HEALTH_PSYCHIATRIC_DISORDERS	Hypoxanthine	Hypoxanthine	-	RAMP_C_000000101	RAMP_OL_000000121
HEALTH_PSYCHIATRIC_DISORDERS	Ind-SO4	Indoxyl sulfate	-	RAMP_C_000000528	RAMP_OL_000000121
HEALTH_PSYCHIATRIC_DISORDERS	Indoxyl glucuronide	Indoxyl glucuronide	-	RAMP_C_000006276	RAMP_OL_000000121
HEALTH_PSYCHIATRIC_DISORDERS	Kynurenic acid	Kynurenic acid	-	RAMP_C_000219506	RAMP_OL_000000121
HEALTH_PSYCHIATRIC_DISORDERS	Lac	Lactic acid	-	RAMP_C_000218078	RAMP_OL_000000121
HEALTH_PSYCHIATRIC_DISORDERS	Melatonin	Melatonin	-	RAMP_C_000001056	RAMP_OL_000000121
HEALTH_PSYCHIATRIC_DISORDERS	Nicotinamide (B3)	Nicotinamide (B3)	-	RAMP_C_000001067	RAMP_OL_000000121
HEALTH_PSYCHIATRIC_DISORDERS	Nicotine	Nicotine	-	RAMP_C_000158862	RAMP_OL_000000121
HEALTH_PSYCHIATRIC_DISORDERS	Norepinephrine	Norepinephrine	-	RAMP_C_000219112	RAMP_OL_000000121
HEALTH_PSYCHIATRIC_DISORDERS	Phenylacetic acid	Phenylacetic acid	-	RAMP_C_000000134	RAMP_OL_000000121
HEALTH_PSYCHIATRIC_DISORDERS	SDMA	Symmetric dimethylarginine	-	RAMP_C_000001813	RAMP_OL_000000121
HEALTH_PSYCHIATRIC_DISORDERS	Spermidine	Spermidine	-	RAMP_C_000000954	RAMP_OL_000000121
HEALTH_PSYCHIATRIC_DISORDERS	Spermine	Spermine	-	RAMP_C_000218544	RAMP_OL_000000121
HEALTH_PSYCHIATRIC_DISORDERS	TMAO	Trimethylamine N-oxide	-	RAMP_C_000000723	RAMP_OL_000000121
HEALTH_PSYCHIATRIC_DISORDERS	Trp	Tryptophan	-	RAMP_C_000218721	RAMP_OL_000000121
HEALTH_PSYCHIATRIC_DISORDERS	Tyramine	Tyramine	-	RAMP_C_000000209	RAMP_OL_000000121
HEALTH_PSYCHIATRIC_DISORDERS	Uric acid	Uric acid	-	RAMP_C_000000194	RAMP_OL_000000121
HEALTH_PSYCHIATRIC_DISORDERS	p-Cresol-SO4	p-Cresol sulfate	-	RAMP_C_000007164	RAMP_OL_000000121
HEALTH_PSYCHOSIS	2-Met-HipAcid	2-Methylhippuric acid	-	RAMP_C_000000556	RAMP_OL_000000142
HEALTH_PSYCHOSIS	3-IAA	3-Indoleacetic acid	-	RAMP_C_000000127	RAMP_OL_000000142
HEALTH_PSYCHOSIS	ADMA	Asymmetric dimethylarginine	-	RAMP_C_000218780	RAMP_OL_000000142
HEALTH_PSYCHOSIS	Anthranilic acid	Anthranilic acid	-	RAMP_C_000219500	RAMP_OL_000000142
HEALTH_PSYCHOSIS	Argininic acid	Argininic acid	-	RAMP_C_000001757	RAMP_OL_000000142
HEALTH_PSYCHOSIS	CMPF	3-Carboxy-4-methyl-5-propyl-2-furanpropionic acid	-	RAMP_C_000040987	RAMP_OL_000000142
HEALTH_PSYCHOSIS	Cys	Cysteine	-	RAMP_C_000218469	RAMP_OL_000000142
HEALTH_PSYCHOSIS	Guanidinoacetic acid	Guanidinoacetic acid	-	RAMP_C_000219492	RAMP_OL_000000142
HEALTH_PSYCHOSIS	HCys	Homocysteine	-	RAMP_C_000218762	RAMP_OL_000000142
HEALTH_PSYCHOSIS	HipAcid	Hippuric acid	-	RAMP_C_000000556	RAMP_OL_000000142
HEALTH_PSYCHOSIS	Hypoxanthine	Hypoxanthine	-	RAMP_C_000000101	RAMP_OL_000000142
HEALTH_PSYCHOSIS	Ind-SO4	Indoxyl sulfate	-	RAMP_C_000000528	RAMP_OL_000000142
HEALTH_PSYCHOSIS	Indoxyl glucuronide	Indoxyl glucuronide	-	RAMP_C_000006276	RAMP_OL_000000142
HEALTH_PSYCHOSIS	Kynurenic acid	Kynurenic acid	-	RAMP_C_000219506	RAMP_OL_000000142
HEALTH_PSYCHOSIS	Nicotinamide (B3)	Nicotinamide (B3)	-	RAMP_C_000001067	RAMP_OL_000000142
HEALTH_PSYCHOSIS	Norepinephrine	Norepinephrine	-	RAMP_C_000219112	RAMP_OL_000000142
HEALTH_PSYCHOSIS	Phenylacetic acid	Phenylacetic acid	-	RAMP_C_000000134	RAMP_OL_000000142
HEALTH_PSYCHOSIS	SDMA	Symmetric dimethylarginine	-	RAMP_C_000001813	RAMP_OL_000000142
HEALTH_PSYCHOSIS	Spermidine	Spermidine	-	RAMP_C_000000954	RAMP_OL_000000142
HEALTH_PSYCHOSIS	Spermine	Spermine	-	RAMP_C_000218544	RAMP_OL_000000142
HEALTH_PSYCHOSIS	TMAO	Trimethylamine N-oxide	-	RAMP_C_000000723	RAMP_OL_000000142
HEALTH_PSYCHOSIS	Uric acid	Uric acid	-	RAMP_C_000000194	RAMP_OL_000000142
HEALTH_PSYCHOSIS	p-Cresol-SO4	p-Cresol sulfate	-	RAMP_C_000007164	RAMP_OL_000000142
HEALTH_RENAL_AND_URINARY_DISORDERS	2-Met-HipAcid	2-Methylhippuric acid	-	RAMP_C_000000556	RAMP_OL_000000143
HEALTH_RENAL_AND_URINARY_DISORDERS	3-IAA	3-Indoleacetic acid	-	RAMP_C_000000127	RAMP_OL_000000143
HEALTH_RENAL_AND_URINARY_DISORDERS	ADMA	Asymmetric dimethylarginine	-	RAMP_C_000218780	RAMP_OL_000000143
HEALTH_RENAL_AND_URINARY_DISORDERS	Anthranilic acid	Anthranilic acid	-	RAMP_C_000219500	RAMP_OL_000000143
HEALTH_RENAL_AND_URINARY_DISORDERS	Argininic acid	Argininic acid	-	RAMP_C_000001757	RAMP_OL_000000143
HEALTH_RENAL_AND_URINARY_DISORDERS	CMPF	3-Carboxy-4-methyl-5-propyl-2-furanpropionic acid	-	RAMP_C_000040987	RAMP_OL_000000143
HEALTH_RENAL_AND_URINARY_DISORDERS	Cys	Cysteine	-	RAMP_C_000218469	RAMP_OL_000000143
HEALTH_RENAL_AND_URINARY_DISORDERS	Glucose	Glucose	-	RAMP_C_000000077	RAMP_OL_000000143
HEALTH_RENAL_AND_URINARY_DISORDERS	Glycolic acid	Glycolic acid	-	RAMP_C_000000073	RAMP_OL_000000143
HEALTH_RENAL_AND_URINARY_DISORDERS	Guanidinoacetic acid	Guanidinoacetic acid	-	RAMP_C_000219492	RAMP_OL_000000143
HEALTH_RENAL_AND_URINARY_DISORDERS	HipAcid	Hippuric acid	-	RAMP_C_000000556	RAMP_OL_000000143
HEALTH_RENAL_AND_URINARY_DISORDERS	Histamine	Histamine	-	RAMP_C_000000678	RAMP_OL_000000143
HEALTH_RENAL_AND_URINARY_DISORDERS	Hypoxanthine	Hypoxanthine	-	RAMP_C_000000101	RAMP_OL_000000143
HEALTH_RENAL_AND_URINARY_DISORDERS	Ind-SO4	Indoxyl sulfate	-	RAMP_C_000000528	RAMP_OL_000000143
HEALTH_RENAL_AND_URINARY_DISORDERS	Indoxyl glucuronide	Indoxyl glucuronide	-	RAMP_C_000006276	RAMP_OL_000000143
HEALTH_RENAL_AND_URINARY_DISORDERS	Kynurenic acid	Kynurenic acid	-	RAMP_C_000219506	RAMP_OL_000000143
HEALTH_RENAL_AND_URINARY_DISORDERS	Nicotinamide (B3)	Nicotinamide (B3)	-	RAMP_C_000001067	RAMP_OL_000000143
HEALTH_RENAL_AND_URINARY_DISORDERS	Norepinephrine	Norepinephrine	-	RAMP_C_000219112	RAMP_OL_000000143
HEALTH_RENAL_AND_URINARY_DISORDERS	Oxalic acid	Oxalic acid	-	RAMP_C_000001542	RAMP_OL_000000143
HEALTH_RENAL_AND_URINARY_DISORDERS	Phenylacetic acid	Phenylacetic acid	-	RAMP_C_000000134	RAMP_OL_000000143
HEALTH_RENAL_AND_URINARY_DISORDERS	SDMA	Symmetric dimethylarginine	-	RAMP_C_000001813	RAMP_OL_000000143
HEALTH_RENAL_AND_URINARY_DISORDERS	Spermidine	Spermidine	-	RAMP_C_000000954	RAMP_OL_000000143
HEALTH_RENAL_AND_URINARY_DISORDERS	Spermine	Spermine	-	RAMP_C_000218544	RAMP_OL_000000143
HEALTH_RENAL_AND_URINARY_DISORDERS	TMAO	Trimethylamine N-oxide	-	RAMP_C_000000723	RAMP_OL_000000143
HEALTH_RENAL_AND_URINARY_DISORDERS	Xanthine	Xanthine	-	RAMP_C_000000197	RAMP_OL_000000143
HEALTH_RENAL_AND_URINARY_DISORDERS	p-Cresol-SO4	p-Cresol sulfate	-	RAMP_C_000007164	RAMP_OL_000000143
HEALTH_SCHIZOPHRENIA	2-Met-HipAcid	2-Methylhippuric acid	-	RAMP_C_000000556	RAMP_OL_000000097
HEALTH_SCHIZOPHRENIA	2-OH-Butyric acid	2-Hydroxybutyric acid	-	RAMP_C_000000004	RAMP_OL_000000097
HEALTH_SCHIZOPHRENIA	3-OH-Butyric acid	3-Hydroxybutyric acid	-	RAMP_C_000218499	RAMP_OL_000000097
HEALTH_SCHIZOPHRENIA	5-HIAA	5-Hydroxyindoleacetic acid	-	RAMP_C_000000599	RAMP_OL_000000097
HEALTH_SCHIZOPHRENIA	5-Oxo-Pro	5-Oxoproline	-	RAMP_C_000263954	RAMP_OL_000000097
HEALTH_SCHIZOPHRENIA	Ala	Alanine	-	RAMP_C_000000104	RAMP_OL_000000097
HEALTH_SCHIZOPHRENIA	Arg	Arginine	-	RAMP_C_000042003	RAMP_OL_000000097
HEALTH_SCHIZOPHRENIA	Asn	Asparagine	-	RAMP_C_000218742	RAMP_OL_000000097
HEALTH_SCHIZOPHRENIA	Asp	Aspartic acid	-	RAMP_C_000218398	RAMP_OL_000000097
HEALTH_SCHIZOPHRENIA	Benzoic acid	Benzoic acid	-	RAMP_C_000001222	RAMP_OL_000000097
HEALTH_SCHIZOPHRENIA	Betaine	Betaine	-	RAMP_C_000000030	RAMP_OL_000000097
HEALTH_SCHIZOPHRENIA	Cit	Citrulline	-	RAMP_C_000218703	RAMP_OL_000000097
HEALTH_SCHIZOPHRENIA	Citric acid	Citric acid	-	RAMP_C_000218121	RAMP_OL_000000097
HEALTH_SCHIZOPHRENIA	Cortisol	Cortisol	-	RAMP_C_000000045	RAMP_OL_000000097
HEALTH_SCHIZOPHRENIA	Creatine	Creatine	-	RAMP_C_000000046	RAMP_OL_000000097
HEALTH_SCHIZOPHRENIA	Creatinine	Creatinine	-	RAMP_C_000000431	RAMP_OL_000000097
HEALTH_SCHIZOPHRENIA	Cystine	Cystine	-	RAMP_C_000000123	RAMP_OL_000000097
HEALTH_SCHIZOPHRENIA	DHEAS	Dehydroepiandrosterone sulfate	-	RAMP_C_000269812	RAMP_OL_000000097
HEALTH_SCHIZOPHRENIA	Dopamine	Dopamine	-	RAMP_C_000218860	RAMP_OL_000000097
HEALTH_SCHIZOPHRENIA	Epinephrine	Epinephrine	-	RAMP_C_000000048	RAMP_OL_000000097
HEALTH_SCHIZOPHRENIA	FA 14:0	Myristic acid	-	RAMP_C_000264781	RAMP_OL_000000097
HEALTH_SCHIZOPHRENIA	FA 15:0	Pentadecanoic acid	-	RAMP_C_000000647	RAMP_OL_000000097
HEALTH_SCHIZOPHRENIA	FA 16:0	Palmitic acid	-	RAMP_C_000219234	RAMP_OL_000000097
HEALTH_SCHIZOPHRENIA	FA 18:0	Stearic acid	-	RAMP_C_000000648	RAMP_OL_000000097
HEALTH_SCHIZOPHRENIA	FA 18:1	Oleic acid	-	RAMP_C_000218407	RAMP_OL_000000097
HEALTH_SCHIZOPHRENIA	FA 18:2	Linoleic acid	-	RAMP_C_000263195	RAMP_OL_000000097
HEALTH_SCHIZOPHRENIA	FA 20:0	Arachidic acid	-	RAMP_C_000001471	RAMP_OL_000000097
HEALTH_SCHIZOPHRENIA	FA 20:1n-9	Gondoic acid	-	RAMP_C_000001484	RAMP_OL_000000097
HEALTH_SCHIZOPHRENIA	FA 20:4n-6 (AA)	Arachidonic acid (AA; omega6)	-	RAMP_C_000000804	RAMP_OL_000000097
HEALTH_SCHIZOPHRENIA	FA 9:0	Nonanoic acid	-	RAMP_C_000268761	RAMP_OL_000000097
HEALTH_SCHIZOPHRENIA	Gln	Glutamine	-	RAMP_C_000218784	RAMP_OL_000000097
HEALTH_SCHIZOPHRENIA	Glu	Glutamic acid	-	RAMP_C_000218397	RAMP_OL_000000097
HEALTH_SCHIZOPHRENIA	Glucose	Glucose	-	RAMP_C_000000077	RAMP_OL_000000097
HEALTH_SCHIZOPHRENIA	Gly	Glycine	-	RAMP_C_000000078	RAMP_OL_000000097
HEALTH_SCHIZOPHRENIA	Glyceric acid	Glyceric acid	-	RAMP_C_000218080	RAMP_OL_000000097
HEALTH_SCHIZOPHRENIA	Glycolic acid	Glycolic acid	-	RAMP_C_000000073	RAMP_OL_000000097
HEALTH_SCHIZOPHRENIA	Guanidinoacetic acid	Guanidinoacetic acid	-	RAMP_C_000219492	RAMP_OL_000000097
HEALTH_SCHIZOPHRENIA	HPHPA	3-(3-Hydroxyphenyl)-3-hydroxypropanoic acid	-	RAMP_C_000001643	RAMP_OL_000000097
HEALTH_SCHIZOPHRENIA	HipAcid	Hippuric acid	-	RAMP_C_000000556	RAMP_OL_000000097
HEALTH_SCHIZOPHRENIA	His	Histidine	-	RAMP_C_000218426	RAMP_OL_000000097
HEALTH_SCHIZOPHRENIA	Homovanillic acid	Homovanillic acid	-	RAMP_C_000000074	RAMP_OL_000000097
HEALTH_SCHIZOPHRENIA	Ile	Isoleucine	-	RAMP_C_000218741	RAMP_OL_000000097
HEALTH_SCHIZOPHRENIA	Kynurenic acid	Kynurenic acid	-	RAMP_C_000219506	RAMP_OL_000000097
HEALTH_SCHIZOPHRENIA	Kynurenine	Kynurenine	-	RAMP_C_000000530	RAMP_OL_000000097
HEALTH_SCHIZOPHRENIA	LPC 16:0	LPC 16:0	-	RAMP_C_000351017	RAMP_OL_000000097
HEALTH_SCHIZOPHRENIA	LPC 18:0	LPC 18:0	-	RAMP_C_000171774	RAMP_OL_000000097
HEALTH_SCHIZOPHRENIA	LPC 18:2	LPC 18:2	-	RAMP_C_000006339	RAMP_OL_000000097
HEALTH_SCHIZOPHRENIA	Lac	Lactic acid	-	RAMP_C_000218078	RAMP_OL_000000097
HEALTH_SCHIZOPHRENIA	Leu	Leucine	-	RAMP_C_000000532	RAMP_OL_000000097
HEALTH_SCHIZOPHRENIA	Lys	Lysine	-	RAMP_C_000000117	RAMP_OL_000000097
HEALTH_SCHIZOPHRENIA	Malic acid	Malic acid	-	RAMP_C_000218036	RAMP_OL_000000097
HEALTH_SCHIZOPHRENIA	Met	Methionine	-	RAMP_C_000218711	RAMP_OL_000000097
HEALTH_SCHIZOPHRENIA	N-Ac-Asp	N-Acetylaspartic acid	-	RAMP_C_000218122	RAMP_OL_000000097
HEALTH_SCHIZOPHRENIA	Norepinephrine	Norepinephrine	-	RAMP_C_000219112	RAMP_OL_000000097
HEALTH_SCHIZOPHRENIA	Orn	Ornithine	-	RAMP_C_000218554	RAMP_OL_000000097
HEALTH_SCHIZOPHRENIA	PE 36:0	PE 36:0	-	RAMP_C_000040449	RAMP_OL_000000097
HEALTH_SCHIZOPHRENIA	Phe	Phenylalanine	-	RAMP_C_000218749	RAMP_OL_000000097
HEALTH_SCHIZOPHRENIA	Pyruvic acid	Pyruvic acid	-	RAMP_C_000218028	RAMP_OL_000000097
HEALTH_SCHIZOPHRENIA	Ser	Serine	-	RAMP_C_000218440	RAMP_OL_000000097
HEALTH_SCHIZOPHRENIA	Serotonin	Serotonin	-	RAMP_C_000000177	RAMP_OL_000000097
HEALTH_SCHIZOPHRENIA	Suberic acid	Suberic acid	-	RAMP_C_000000697	RAMP_OL_000000097
HEALTH_SCHIZOPHRENIA	TMAO	Trimethylamine N-oxide	-	RAMP_C_000000723	RAMP_OL_000000097
HEALTH_SCHIZOPHRENIA	Taurine	Taurine	-	RAMP_C_000218584	RAMP_OL_000000097
HEALTH_SCHIZOPHRENIA	Thr	Threonine	-	RAMP_C_000218724	RAMP_OL_000000097
HEALTH_SCHIZOPHRENIA	Trp	Tryptophan	-	RAMP_C_000218721	RAMP_OL_000000097
HEALTH_SCHIZOPHRENIA	Tyr	Tyrosine	-	RAMP_C_000218778	RAMP_OL_000000097
HEALTH_SCHIZOPHRENIA	Uric acid	Uric acid	-	RAMP_C_000000194	RAMP_OL_000000097
HEALTH_SCHIZOPHRENIA	Val	Valine	-	RAMP_C_000218704	RAMP_OL_000000097
HEALTH_SCHIZOPHRENIA	a-Ketoglutaric acid	alpha-Ketoglutaric acid	-	RAMP_C_000274401	RAMP_OL_000000097
HEALTH_SCHIZOPHRENIA	alpha-AAA	alpha-Aminoadipic acid	-	RAMP_C_000218812	RAMP_OL_000000097
HEALTH_SEIZURE	2-Met-HipAcid	2-Methylhippuric acid	-	RAMP_C_000000556	RAMP_OL_000000130
HEALTH_SEIZURE	3-IAA	3-Indoleacetic acid	-	RAMP_C_000000127	RAMP_OL_000000130
HEALTH_SEIZURE	5-Oxo-Pro	5-Oxoproline	-	RAMP_C_000263954	RAMP_OL_000000130
HEALTH_SEIZURE	ADMA	Asymmetric dimethylarginine	-	RAMP_C_000218780	RAMP_OL_000000130
HEALTH_SEIZURE	Anthranilic acid	Anthranilic acid	-	RAMP_C_000219500	RAMP_OL_000000130
HEALTH_SEIZURE	Argininic acid	Argininic acid	-	RAMP_C_000001757	RAMP_OL_000000130
HEALTH_SEIZURE	C0	Carnitine	-	RAMP_C_000274496	RAMP_OL_000000130
HEALTH_SEIZURE	CMPF	3-Carboxy-4-methyl-5-propyl-2-furanpropionic acid	-	RAMP_C_000040987	RAMP_OL_000000130
HEALTH_SEIZURE	Cys	Cysteine	-	RAMP_C_000218469	RAMP_OL_000000130
HEALTH_SEIZURE	FA 3:0	Propanoic acid	-	RAMP_C_000220356	RAMP_OL_000000130
HEALTH_SEIZURE	Fumaric acid	Fumaric acid	-	RAMP_C_000218394	RAMP_OL_000000130
HEALTH_SEIZURE	Guanidinoacetic acid	Guanidinoacetic acid	-	RAMP_C_000219492	RAMP_OL_000000130
HEALTH_SEIZURE	HCys	Homocysteine	-	RAMP_C_000218762	RAMP_OL_000000130
HEALTH_SEIZURE	HipAcid	Hippuric acid	-	RAMP_C_000000556	RAMP_OL_000000130
HEALTH_SEIZURE	Hypoxanthine	Hypoxanthine	-	RAMP_C_000000101	RAMP_OL_000000130
HEALTH_SEIZURE	Ind-SO4	Indoxyl sulfate	-	RAMP_C_000000528	RAMP_OL_000000130
HEALTH_SEIZURE	Indoxyl glucuronide	Indoxyl glucuronide	-	RAMP_C_000006276	RAMP_OL_000000130
HEALTH_SEIZURE	Kynurenic acid	Kynurenic acid	-	RAMP_C_000219506	RAMP_OL_000000130
HEALTH_SEIZURE	Nicotinamide (B3)	Nicotinamide (B3)	-	RAMP_C_000001067	RAMP_OL_000000130
HEALTH_SEIZURE	Norepinephrine	Norepinephrine	-	RAMP_C_000219112	RAMP_OL_000000130
HEALTH_SEIZURE	Phe	Phenylalanine	-	RAMP_C_000218749	RAMP_OL_000000130
HEALTH_SEIZURE	Phenylacetic acid	Phenylacetic acid	-	RAMP_C_000000134	RAMP_OL_000000130
HEALTH_SEIZURE	SDMA	Symmetric dimethylarginine	-	RAMP_C_000001813	RAMP_OL_000000130
HEALTH_SEIZURE	Spermidine	Spermidine	-	RAMP_C_000000954	RAMP_OL_000000130
HEALTH_SEIZURE	Spermine	Spermine	-	RAMP_C_000218544	RAMP_OL_000000130
HEALTH_SEIZURE	TMAO	Trimethylamine N-oxide	-	RAMP_C_000000723	RAMP_OL_000000130
HEALTH_SEIZURE	Uric acid	Uric acid	-	RAMP_C_000000194	RAMP_OL_000000130
HEALTH_SEIZURE	p-Cresol-SO4	p-Cresol sulfate	-	RAMP_C_000007164	RAMP_OL_000000130
HEALTH_STROKE	3-OH-Anthranilic acid	3-Hydroxyanthranilic acid	-	RAMP_C_000220389	RAMP_OL_000000138
HEALTH_STROKE	Cys	Cysteine	-	RAMP_C_000218469	RAMP_OL_000000138
HEALTH_STROKE	DHEAS	Dehydroepiandrosterone sulfate	-	RAMP_C_000269812	RAMP_OL_000000138
HEALTH_STROKE	FA 22:6n-3 (DHA)	Docosahexaenoic acid (DHA; omega3)	-	RAMP_C_000001447	RAMP_OL_000000138
HEALTH_STROKE	FA 3:0	Propanoic acid	-	RAMP_C_000220356	RAMP_OL_000000138
HEALTH_STROKE	Glucose	Glucose	-	RAMP_C_000000077	RAMP_OL_000000138
HEALTH_STROKE	HCys	Homocysteine	-	RAMP_C_000218762	RAMP_OL_000000138
HEALTH_THYROID_CANCER	Cadaverine	Cadaverine	-	RAMP_C_000263953	RAMP_OL_000000135
HEALTH_THYROID_CANCER	FA 18:2	Linoleic acid	-	RAMP_C_000263195	RAMP_OL_000000135
HEALTH_THYROID_CANCER	FA 22:6n-3 (DHA)	Docosahexaenoic acid (DHA; omega3)	-	RAMP_C_000001447	RAMP_OL_000000135
HEALTH_THYROID_CANCER	N1-Ac-Spermidine	N1-Acetylspermidine	-	RAMP_C_000262968	RAMP_OL_000000135
HEALTH_THYROID_CANCER	N8-Ac-Spermidine	N8-Acetylspermidine	-	RAMP_C_000001451	RAMP_OL_000000135
HEALTH_TREMOR	5-Oxo-Pro	5-Oxoproline	-	RAMP_C_000263954	RAMP_OL_000000116
HEALTH_TREMOR	FA 4:0	Butyric acid	-	RAMP_C_000000028	RAMP_OL_000000116
HEALTH_TREMOR	Tyramine	Tyramine	-	RAMP_C_000000209	RAMP_OL_000000116
HEALTH_UREMIA	2-Met-HipAcid	2-Methylhippuric acid	-	RAMP_C_000000556	RAMP_OL_000000137
HEALTH_UREMIA	3-Guanidinopropionic acid	3-Guanidinopropionic acid	-	RAMP_C_000008190	RAMP_OL_000000137
HEALTH_UREMIA	3-IAA	3-Indoleacetic acid	-	RAMP_C_000000127	RAMP_OL_000000137
HEALTH_UREMIA	4-Guanidinobutanoic acid	4-Guanidinobutanoic acid	-	RAMP_C_000275073	RAMP_OL_000000137
HEALTH_UREMIA	4-OH-HipAcid	4-Hydroxyhippuric acid	-	RAMP_C_000008486	RAMP_OL_000000137
HEALTH_UREMIA	ADMA	Asymmetric dimethylarginine	-	RAMP_C_000218780	RAMP_OL_000000137
HEALTH_UREMIA	Anthranilic acid	Anthranilic acid	-	RAMP_C_000219500	RAMP_OL_000000137
HEALTH_UREMIA	Argininic acid	Argininic acid	-	RAMP_C_000001757	RAMP_OL_000000137
HEALTH_UREMIA	Asn	Asparagine	-	RAMP_C_000218742	RAMP_OL_000000137
HEALTH_UREMIA	CMPF	3-Carboxy-4-methyl-5-propyl-2-furanpropionic acid	-	RAMP_C_000040987	RAMP_OL_000000137
HEALTH_UREMIA	Creatine	Creatine	-	RAMP_C_000000046	RAMP_OL_000000137
HEALTH_UREMIA	Creatinine	Creatinine	-	RAMP_C_000000431	RAMP_OL_000000137
HEALTH_UREMIA	Cys	Cysteine	-	RAMP_C_000218469	RAMP_OL_000000137
HEALTH_UREMIA	Cytidine	Cytidine	-	RAMP_C_000000061	RAMP_OL_000000137
HEALTH_UREMIA	DMG	Dimethylglycine	-	RAMP_C_000000062	RAMP_OL_000000137
HEALTH_UREMIA	Guanidinoacetic acid	Guanidinoacetic acid	-	RAMP_C_000219492	RAMP_OL_000000137
HEALTH_UREMIA	HCys	Homocysteine	-	RAMP_C_000218762	RAMP_OL_000000137
HEALTH_UREMIA	HipAcid	Hippuric acid	-	RAMP_C_000000556	RAMP_OL_000000137
HEALTH_UREMIA	Hypoxanthine	Hypoxanthine	-	RAMP_C_000000101	RAMP_OL_000000137
HEALTH_UREMIA	Ind-SO4	Indoxyl sulfate	-	RAMP_C_000000528	RAMP_OL_000000137
HEALTH_UREMIA	Indoxyl glucuronide	Indoxyl glucuronide	-	RAMP_C_000006276	RAMP_OL_000000137
HEALTH_UREMIA	Kynurenic acid	Kynurenic acid	-	RAMP_C_000219506	RAMP_OL_000000137
HEALTH_UREMIA	Melatonin	Melatonin	-	RAMP_C_000001056	RAMP_OL_000000137
HEALTH_UREMIA	N-Ac-Arg	N-Acetylarginine	-	RAMP_C_000002115	RAMP_OL_000000137
HEALTH_UREMIA	N-Ac-Cytidine	N4-Acetylcytidine	-	RAMP_C_000002562	RAMP_OL_000000137
HEALTH_UREMIA	Nicotinamide (B3)	Nicotinamide (B3)	-	RAMP_C_000001067	RAMP_OL_000000137
HEALTH_UREMIA	Norepinephrine	Norepinephrine	-	RAMP_C_000219112	RAMP_OL_000000137
HEALTH_UREMIA	Orn	Ornithine	-	RAMP_C_000218554	RAMP_OL_000000137
HEALTH_UREMIA	Orotic acid	Orotic acid	-	RAMP_C_000000150	RAMP_OL_000000137
HEALTH_UREMIA	Oxalic acid	Oxalic acid	-	RAMP_C_000001542	RAMP_OL_000000137
HEALTH_UREMIA	Phenylacetic acid	Phenylacetic acid	-	RAMP_C_000000134	RAMP_OL_000000137
HEALTH_UREMIA	Phenylacetylglutamine	Phenylacetylglutamine	-	RAMP_C_000218777	RAMP_OL_000000137
HEALTH_UREMIA	Putrescine	Putrescine	-	RAMP_C_000001073	RAMP_OL_000000137
HEALTH_UREMIA	Quinolinic acid	Quinolinic acid	-	RAMP_C_000000155	RAMP_OL_000000137
HEALTH_UREMIA	SDMA	Symmetric dimethylarginine	-	RAMP_C_000001813	RAMP_OL_000000137
HEALTH_UREMIA	Spermidine	Spermidine	-	RAMP_C_000000954	RAMP_OL_000000137
HEALTH_UREMIA	Spermine	Spermine	-	RAMP_C_000218544	RAMP_OL_000000137
HEALTH_UREMIA	TMAO	Trimethylamine N-oxide	-	RAMP_C_000000723	RAMP_OL_000000137
HEALTH_UREMIA	Uracil	Uracil	-	RAMP_C_000000203	RAMP_OL_000000137
HEALTH_UREMIA	Urea	Urea	-	RAMP_C_000000199	RAMP_OL_000000137
HEALTH_UREMIA	Uric acid	Uric acid	-	RAMP_C_000000194	RAMP_OL_000000137
HEALTH_UREMIA	Uridine	Uridine	-	RAMP_C_000000201	RAMP_OL_000000137
HEALTH_UREMIA	Xanthine	Xanthine	-	RAMP_C_000000197	RAMP_OL_000000137
HEALTH_UREMIA	p-Cresol-SO4	p-Cresol sulfate	-	RAMP_C_000007164	RAMP_OL_000000137
HEALTH_VASCULAR_DISORDERS	C0	Carnitine	-	RAMP_C_000274496	RAMP_OL_000000107
HEALTH_VASCULAR_DISORDERS	FA 18:2	Linoleic acid	-	RAMP_C_000263195	RAMP_OL_000000107
HEALTH_VASCULAR_DISORDERS	FA 20:4n-6 (AA)	Arachidonic acid (AA; omega6)	-	RAMP_C_000000804	RAMP_OL_000000107
HEALTH_VASCULAR_DISORDERS	FA 20:5n-3 (EPA)	Eicosapentaenoic acid (EPA; omega3)	-	RAMP_C_000001315	RAMP_OL_000000107
HEALTH_VASCULAR_DISORDERS	FA 22:6n-3 (DHA)	Docosahexaenoic acid (DHA; omega3)	-	RAMP_C_000001447	RAMP_OL_000000107
HEALTH_VASCULAR_DISORDERS	FA 4:0	Butyric acid	-	RAMP_C_000000028	RAMP_OL_000000107
HEALTH_VASCULAR_DISORDERS	Fructose	Fructose	-	RAMP_C_000000509	RAMP_OL_000000107
HEALTH_VASCULAR_DISORDERS	Glycolic acid	Glycolic acid	-	RAMP_C_000000073	RAMP_OL_000000107
HEALTH_VASCULAR_DISORDERS	Nicotine	Nicotine	-	RAMP_C_000158862	RAMP_OL_000000107
HEALTH_VASCULAR_DISORDERS	Tyramine	Tyramine	-	RAMP_C_000000209	RAMP_OL_000000107
HEALTH_VASCULAR_DISORDERS	Uracil	Uracil	-	RAMP_C_000000203	RAMP_OL_000000107
HEALTH_VASCULAR_DISORDERS	Uric acid	Uric acid	-	RAMP_C_000000194	RAMP_OL_000000107
HEALTH_VOMITING	2-Met-HipAcid	2-Methylhippuric acid	-	RAMP_C_000000556	RAMP_OL_000000119
HEALTH_VOMITING	3-IAA	3-Indoleacetic acid	-	RAMP_C_000000127	RAMP_OL_000000119
HEALTH_VOMITING	ADMA	Asymmetric dimethylarginine	-	RAMP_C_000218780	RAMP_OL_000000119
HEALTH_VOMITING	Anthranilic acid	Anthranilic acid	-	RAMP_C_000219500	RAMP_OL_000000119
HEALTH_VOMITING	Argininic acid	Argininic acid	-	RAMP_C_000001757	RAMP_OL_000000119
HEALTH_VOMITING	CMPF	3-Carboxy-4-methyl-5-propyl-2-furanpropionic acid	-	RAMP_C_000040987	RAMP_OL_000000119
HEALTH_VOMITING	Cys	Cysteine	-	RAMP_C_000218469	RAMP_OL_000000119
HEALTH_VOMITING	FA 10:0	Capric acid	-	RAMP_C_000218305	RAMP_OL_000000119
HEALTH_VOMITING	FA 3:0	Propanoic acid	-	RAMP_C_000220356	RAMP_OL_000000119
HEALTH_VOMITING	FA 4:0	Butyric acid	-	RAMP_C_000000028	RAMP_OL_000000119
HEALTH_VOMITING	FA 8:0	Caprylic acid	-	RAMP_C_000217324	RAMP_OL_000000119
HEALTH_VOMITING	Glucose	Glucose	-	RAMP_C_000000077	RAMP_OL_000000119
HEALTH_VOMITING	Guanidinoacetic acid	Guanidinoacetic acid	-	RAMP_C_000219492	RAMP_OL_000000119
HEALTH_VOMITING	HCys	Homocysteine	-	RAMP_C_000218762	RAMP_OL_000000119
HEALTH_VOMITING	HipAcid	Hippuric acid	-	RAMP_C_000000556	RAMP_OL_000000119
HEALTH_VOMITING	Hypoxanthine	Hypoxanthine	-	RAMP_C_000000101	RAMP_OL_000000119
HEALTH_VOMITING	Ind-SO4	Indoxyl sulfate	-	RAMP_C_000000528	RAMP_OL_000000119
HEALTH_VOMITING	Indoxyl glucuronide	Indoxyl glucuronide	-	RAMP_C_000006276	RAMP_OL_000000119
HEALTH_VOMITING	Kynurenic acid	Kynurenic acid	-	RAMP_C_000219506	RAMP_OL_000000119
HEALTH_VOMITING	Nicotinamide (B3)	Nicotinamide (B3)	-	RAMP_C_000001067	RAMP_OL_000000119
HEALTH_VOMITING	Nicotine	Nicotine	-	RAMP_C_000158862	RAMP_OL_000000119
HEALTH_VOMITING	Norepinephrine	Norepinephrine	-	RAMP_C_000219112	RAMP_OL_000000119
HEALTH_VOMITING	Oxalic acid	Oxalic acid	-	RAMP_C_000001542	RAMP_OL_000000119
HEALTH_VOMITING	Phenylacetic acid	Phenylacetic acid	-	RAMP_C_000000134	RAMP_OL_000000119
HEALTH_VOMITING	SDMA	Symmetric dimethylarginine	-	RAMP_C_000001813	RAMP_OL_000000119
HEALTH_VOMITING	Spermidine	Spermidine	-	RAMP_C_000000954	RAMP_OL_000000119
HEALTH_VOMITING	Spermine	Spermine	-	RAMP_C_000218544	RAMP_OL_000000119
HEALTH_VOMITING	TMAO	Trimethylamine N-oxide	-	RAMP_C_000000723	RAMP_OL_000000119
HEALTH_VOMITING	Trp	Tryptophan	-	RAMP_C_000218721	RAMP_OL_000000119
HEALTH_VOMITING	Tyramine	Tyramine	-	RAMP_C_000000209	RAMP_OL_000000119
HEALTH_VOMITING	Uric acid	Uric acid	-	RAMP_C_000000194	RAMP_OL_000000119
HEALTH_VOMITING	p-Cresol-SO4	p-Cresol sulfate	-	RAMP_C_000007164	RAMP_OL_000000119
