short_name	fullname	analyte_class	lion_id	match_form	candidates_tried
FA 2:0	Acetic acid	Fatty acids	<unmatched>	-	
FA 3:0	Propanoic acid	Fatty acids	<unmatched>	-	
FA 3:0-2M	Isobutyric acid	Fatty acids	<unmatched>	-	
FA 4:0	Butyric acid	Fatty acids	<unmatched>	-	
FA 4:0-2M	2-Methylbutyric acid	Fatty acids	<unmatched>	-	
FA 4:0-3M	Isovaleric acid	Fatty acids	<unmatched>	-	
FA 5:0	Valeric acid	Fatty acids	<unmatched>	-	
FA 5:0-3M	3-Methylvaleric acid	Fatty acids	<unmatched>	-	
FA 5:0-4M	Isocaproic acid	Fatty acids	<unmatched>	-	
FA 6:0	Caproic acid	Fatty acids	<unmatched>	-	
FA 7:0	Heptanoic acid	Fatty acids	<unmatched>	-	
FA 8:0	Caprylic acid	Fatty acids	<unmatched>	-	
FA 9:0	Nonanoic acid	Fatty acids	<unmatched>	-	
FA 10:0	Capric acid	Fatty acids	<unmatched>	-	
FA 11:0	Undecanoic acid	Fatty acids	<unmatched>	-	
FA 12:0	Lauric acid	Fatty acids	<unmatched>	-	
FA 14:0	Myristic acid	Fatty acids	<unmatched>	-	
FA 14:1n-5	Myristoleic acid	Fatty acids	<unmatched>	-	
FA 15:0	Pentadecanoic acid	Fatty acids	<unmatched>	-	
FA 16:0	Palmitic acid	Fatty acids	<unmatched>	-	
FA 16:1	Palmitoleic acid	Fatty acids	<unmatched>	-	
FA 18:0	Stearic acid	Fatty acids	<unmatched>	-	
FA 18:1	Oleic acid	Fatty acids	<unmatched>	-	
FA 18:2	Linoleic acid	Fatty acids	<unmatched>	-	
FA 18:3	Octadecatrienoic acid	Fatty acids	<unmatched>	-	
FA 20:0	Arachidic acid	Fatty acids	<unmatched>	-	
FA 20:1n-9	Gondoic acid	Fatty acids	<unmatched>	-	
FA 20:2	Eicosadienoic acid	Fatty acids	<unmatched>	-	
FA 20:3n-6	Dihomo-gamma-linolenic acid (omega6)	Fatty acids	<unmatched>	-	
FA 20:3n-9	Mead acid	Fatty acids	<unmatched>	-	
FA 20:4n-6 (AA)	Arachidonic acid (AA; omega6)	Fatty acids	<unmatched>	-	
FA 20:5n-3 (EPA)	Eicosapentaenoic acid (EPA; omega3)	Fatty acids	<unmatched>	-	
FA 22:0	Behenic acid	Fatty acids	<unmatched>	-	
FA 22:4n-6	Docosatetraenoic acid (omega6)	Fatty acids	<unmatched>	-	
FA 22:5n-3 (DPA)	Docosapentaenoic acid (DPA, omega3)	Fatty acids	<unmatched>	-	
FA 22:6n-3 (DHA)	Docosahexaenoic acid (DHA; omega3)	Fatty acids	<unmatched>	-	
FA 24:0	Lignoceric acid	Fatty acids	<unmatched>	-	
FA 24:1n-9	Nervonic acid	Fatty acids	<unmatched>	-	
FA 24:4n-6	Tetracosatetraenoic acid (omega6)	Fatty acids	<unmatched>	-	
C0	Carnitine	Acylcarnitines	<unmatched>	-	
C2	Acetylcarnitine	Acylcarnitines	<unmatched>	-	
C3	Propionylcarnitine	Acylcarnitines	<unmatched>	-	
C3-DC (C4-OH)	Malonylcarnitine (Hydroxybutyrylcarnitine)	Acylcarnitines	<unmatched>	-	
C3-OH	Hydroxypropionylcarnitine	Acylcarnitines	<unmatched>	-	
C3:1	Propenoylcarnitine	Acylcarnitines	<unmatched>	-	
C4	Butyrylcarnitine	Acylcarnitines	<unmatched>	-	
C4:1	Butenylcarnitine	Acylcarnitines	<unmatched>	-	
C5	Valerylcarnitine	Acylcarnitines	<unmatched>	-	
C5-DC (C6-OH)	Glutarylcarnitine (Hydroxyhexanoylcarnitine)	Acylcarnitines	<unmatched>	-	
C5-M-DC	Methylglutarylcarnitine	Acylcarnitines	<unmatched>	-	
C5-OH (C3-DC-M)	Hydroxyvalerylcarnitine (Methylmalonylcarnitine)	Acylcarnitines	<unmatched>	-	
C5:1	Tiglylcarnitine	Acylcarnitines	<unmatched>	-	
C5:1-DC	Glutaconylcarnitine	Acylcarnitines	<unmatched>	-	
C10:1	Decenoylcarnitine	Acylcarnitines	<unmatched>	-	
C10:2	Decadienoylcarnitine	Acylcarnitines	<unmatched>	-	
C12	Dodecanoylcarnitine	Acylcarnitines	<unmatched>	-	
C12-DC	Dodecanedioylcarnitine	Acylcarnitines	<unmatched>	-	
C12:1	Dodecenoylcarnitine	Acylcarnitines	<unmatched>	-	
C14	Tetradecanoylcarnitine	Acylcarnitines	<unmatched>	-	
C14:1	Tetradecenoylcarnitine	Acylcarnitines	<unmatched>	-	
C14:1-OH	Hydroxytetradecenoylcarnitine	Acylcarnitines	<unmatched>	-	
C14:2	Tetradecadienoylcarnitine	Acylcarnitines	<unmatched>	-	
C14:2-OH	Hydroxytetradecadienoylcarnitine	Acylcarnitines	<unmatched>	-	
C16	Hexadecanoylcarnitine	Acylcarnitines	<unmatched>	-	
C16-OH	Hydroxyhexadecanoylcarnitine	Acylcarnitines	<unmatched>	-	
C16:1	Hexadecenoylcarnitine	Acylcarnitines	<unmatched>	-	
C16:1-OH	Hydroxyhexadecenoylcarnitine	Acylcarnitines	<unmatched>	-	
C6 (C4:1-DC)	Hexanoylcarnitine (Fumarylcarnitine)	Acylcarnitines	<unmatched>	-	
C6:1	Hexenoylcarnitine	Acylcarnitines	<unmatched>	-	
C7-DC	Pimeloylcarnitine	Acylcarnitines	<unmatched>	-	
C8	Octanoylcarnitine	Acylcarnitines	<unmatched>	-	
C9	Nonanoylcarnitine	Acylcarnitines	<unmatched>	-	
C10	Decanoylcarnitine	Acylcarnitines	<unmatched>	-	
C16:2	Hexadecadienoylcarnitine	Acylcarnitines	<unmatched>	-	
C16:2-OH	Hydroxyhexadecadienoylcarnitine	Acylcarnitines	<unmatched>	-	
C18	Octadecanoylcarnitine	Acylcarnitines	<unmatched>	-	
C18:1	Octadecenoylcarnitine	Acylcarnitines	<unmatched>	-	
C18:1-OH	Hydroxyoctadecenoylcarnitine	Acylcarnitines	<unmatched>	-	
C18:2	Octadecadienoylcarnitine	Acylcarnitines	<unmatched>	-	
Cer d16:1/18:0	Cer d16:1/18:0	Ceramides	Cer(34:1)	sum	Cer(d16:1/18:0);Cer(34:1)
Cer d16:1/20:0	Cer d16:1/20:0	Ceramides	Cer(36:1)	sum	Cer(d16:1/20:0);Cer(36:1)
Cer d16:1/22:0	Cer d16:1/22:0	Ceramides	Cer(38:1)	sum	Cer(d16:1/22:0);Cer(38:1)
Cer d16:1/23:0	Cer d16:1/23:0	Ceramides	Cer(39:1)	sum	Cer(d16:1/23:0);Cer(39:1)
Cer d16:1/24:0	Cer d16:1/24:0	Ceramides	Cer(40:1)	sum	Cer(d16:1/24:0);Cer(40:1)
Cer d18:1/14:0	Cer d18:1/14:0	Ceramides	Cer(d18:1/14:0)	species	Cer(d18:1/14:0);Cer(32:1)
Cer d18:1/16:0	Cer d18:1/16:0	Ceramides	Cer(d18:1/16:0)	species	Cer(d18:1/16:0);Cer(34:1)
Cer d18:1/18:0-OH	Cer d18:1/18:0-OH	Ceramides	Cer(36:1)	sum	Cer(d18:1/18:0-OH);Cer(36:1)
Cer d18:1/18:0	Cer d18:1/18:0	Ceramides	Cer(d18:1/18:0)	species	Cer(d18:1/18:0);Cer(36:1)
Cer d18:1/18:1	Cer d18:1/18:1	Ceramides	Cer(d18:1/18:1)	species	Cer(d18:1/18:1);Cer(36:2)
Cer d18:1/20:0-OH	Cer d18:1/20:0-OH	Ceramides	Cer(38:1)	sum	Cer(d18:1/20:0-OH);Cer(38:1)
Cer d18:1/20:0	Cer d18:1/20:0	Ceramides	Cer(d18:1/20:0)	species	Cer(d18:1/20:0);Cer(38:1)
Cer d18:1/22:0	Cer d18:1/22:0	Ceramides	Cer(d18:1/22:0)	species	Cer(d18:1/22:0);Cer(40:1)
Cer d18:1/23:0	Cer d18:1/23:0	Ceramides	Cer(d18:1/23:0)	species	Cer(d18:1/23:0);Cer(41:1)
Cer d18:1/24:0	Cer d18:1/24:0	Ceramides	Cer(d18:1/24:0)	species	Cer(d18:1/24:0);Cer(42:1)
Cer d18:1/24:1	Cer d18:1/24:1	Ceramides	Cer(d18:1/24:1)	species	Cer(d18:1/24:1);Cer(42:2)
Cer d18:1/25:0	Cer d18:1/25:0	Ceramides	Cer(d18:1/25:0)	species	Cer(d18:1/25:0);Cer(43:1)
Cer d18:1/26:0	Cer d18:1/26:0	Ceramides	Cer(d18:1/26:0)	species	Cer(d18:1/26:0);Cer(44:1)
Cer d18:1/26:1	Cer d18:1/26:1	Ceramides	Cer(d18:1/26:1)	species	Cer(d18:1/26:1);Cer(44:2)
Cer d18:2/14:0	Cer d18:2/14:0	Ceramides	Cer(32:2)	sum	Cer(d18:2/14:0);Cer(32:2)
Cer d18:2/16:0	Cer d18:2/16:0	Ceramides	Cer(34:2)	sum	Cer(d18:2/16:0);Cer(34:2)
Cer d18:2/18:0	Cer d18:2/18:0	Ceramides	Cer(36:2)	sum	Cer(d18:2/18:0);Cer(36:2)
Cer d18:2/18:1	Cer d18:2/18:1	Ceramides	Cer(36:3)	sum	Cer(d18:2/18:1);Cer(36:3)
Cer d18:2/20:0	Cer d18:2/20:0	Ceramides	Cer(38:2)	sum	Cer(d18:2/20:0);Cer(38:2)
Cer d18:2/22:0	Cer d18:2/22:0	Ceramides	Cer(40:2)	sum	Cer(d18:2/22:0);Cer(40:2)
Cer d18:2/23:0	Cer d18:2/23:0	Ceramides	Cer(41:2)	sum	Cer(d18:2/23:0);Cer(41:2)
Cer d18:2/24:0	Cer d18:2/24:0	Ceramides	Cer(42:2)	sum	Cer(d18:2/24:0);Cer(42:2)
Cer d18:2/24:1	Cer d18:2/24:1	Ceramides	Cer(42:3)	sum	Cer(d18:2/24:1);Cer(42:3)
CerP d18:1/16:0	CerP d18:1/16:0	Ceramides	<unmatched>	-	
CE 14:0	CE 14:0	Cholesteryl esters	CE(14:0)	sum	CE(14:0);CE(14:0)
CE 14:1	CE 14:1	Cholesteryl esters	CE(14:1)	sum	CE(14:1);CE(14:1)
CE 15:0	CE 15:0	Cholesteryl esters	CE(15:0)	sum	CE(15:0);CE(15:0)
CE 15:1	CE 15:1	Cholesteryl esters	CE(15:1)	sum	CE(15:1);CE(15:1)
CE 16:0	CE 16:0	Cholesteryl esters	CE(16:0)	sum	CE(16:0);CE(16:0)
CE 16:1	CE 16:1	Cholesteryl esters	CE(16:1)	sum	CE(16:1);CE(16:1)
CE 17:0	CE 17:0	Cholesteryl esters	CE(17:0)	sum	CE(17:0);CE(17:0)
CE 17:1	CE 17:1	Cholesteryl esters	CE(17:1)	sum	CE(17:1);CE(17:1)
CE 18:0	CE 18:0	Cholesteryl esters	CE(18:0)	sum	CE(18:0);CE(18:0)
CE 18:1	CE 18:1	Cholesteryl esters	CE(18:1)	sum	CE(18:1);CE(18:1)
CE 18:2	CE 18:2	Cholesteryl esters	CE(18:2)	sum	CE(18:2);CE(18:2)
CE 18:3	CE 18:3	Cholesteryl esters	CE(18:3)	sum	CE(18:3);CE(18:3)
CE 20:0	CE 20:0	Cholesteryl esters	CE(20:0)	sum	CE(20:0);CE(20:0)
CE 20:1	CE 20:1	Cholesteryl esters	CE(20:1)	sum	CE(20:1);CE(20:1)
CE 20:3	CE 20:3	Cholesteryl esters	CE(20:3)	sum	CE(20:3);CE(20:3)
CE 20:4	CE 20:4	Cholesteryl esters	CE(20:4)	sum	CE(20:4);CE(20:4)
CE 20:5	CE 20:5	Cholesteryl esters	CE(20:5)	sum	CE(20:5);CE(20:5)
CE 22:0	CE 22:0	Cholesteryl esters	CE(22:0)	sum	CE(22:0);CE(22:0)
CE 22:1	CE 22:1	Cholesteryl esters	CE(22:1)	sum	CE(22:1);CE(22:1)
CE 22:2	CE 22:2	Cholesteryl esters	CE(22:2)	sum	CE(22:2);CE(22:2)
CE 22:5	CE 22:5	Cholesteryl esters	CE(22:5)	sum	CE(22:5);CE(22:5)
CE 22:6	CE 22:6	Cholesteryl esters	CE(22:6)	sum	CE(22:6);CE(22:6)
DG 14:0_14:0	DG 14:0_14:0	Diglycerides	DG(28:0)	sum	DG(28:0);DG(14:0_14:0)
DG 14:0_18:1	DG 14:0_18:1	Diglycerides	DG(32:1)	sum	DG(32:1);DG(14:0_18:1)
DG 14:0_18:2	DG 14:0_18:2	Diglycerides	DG(32:2)	sum	DG(32:2);DG(14:0_18:2)
DG 14:0_20:0	DG 14:0_20:0	Diglycerides	DG(34:0)	sum	DG(34:0);DG(14:0_20:0)
DG 14:1_18:1	DG 14:1_18:1	Diglycerides	DG(32:2)	sum	DG(32:2);DG(14:1_18:1)
DG 14:1_20:2	DG 14:1_20:2	Diglycerides	DG(34:3)	sum	DG(34:3);DG(14:1_20:2)
DG 16:0_16:0	DG 16:0_16:0	Diglycerides	DG(32:0)	sum	DG(32:0);DG(16:0_16:0)
DG 16:0_16:1	DG 16:0_16:1	Diglycerides	DG(32:1)	sum	DG(32:1);DG(16:0_16:1)
DG 16:0_18:1	DG 16:0_18:1	Diglycerides	DG(34:1)	sum	DG(34:1);DG(16:0_18:1)
DG 16:0_18:2	DG 16:0_18:2	Diglycerides	DG(34:2)	sum	DG(34:2);DG(16:0_18:2)
DG 16:0_20:0	DG 16:0_20:0	Diglycerides	DG(36:0)	sum	DG(36:0);DG(16:0_20:0)
DG 16:0_20:3	DG 16:0_20:3	Diglycerides	DG(36:3)	sum	DG(36:3);DG(16:0_20:3)
DG 16:0_20:4	DG 16:0_20:4	Diglycerides	DG(36:4)	sum	DG(36:4);DG(16:0_20:4)
DG 16:1_18:0	DG 16:1_18:0	Diglycerides	DG(34:1)	sum	DG(34:1);DG(16:1_18:0)
DG 16:1_18:1	DG 16:1_18:1	Diglycerides	DG(34:2)	sum	DG(34:2);DG(16:1_18:1)
DG 16:1_18:2	DG 16:1_18:2	Diglycerides	DG(34:3)	sum	DG(34:3);DG(16:1_18:2)
DG 16:1_20:0	DG 16:1_20:0	Diglycerides	DG(36:1)	sum	DG(36:1);DG(16:1_20:0)
DG 17:0_18:1	DG 17:0_18:1	Diglycerides	DG(35:1)	sum	DG(35:1);DG(17:0_18:1)
DG 18:0_20:4	DG 18:0_20:4	Diglycerides	DG(38:4)	sum	DG(38:4);DG(18:0_20:4)
DG 18:1_18:1	DG 18:1_18:1	Diglycerides	DG(36:2)	sum	DG(36:2);DG(18:1_18:1)
DG 18:1_18:2	DG 18:1_18:2	Diglycerides	DG(36:3)	sum	DG(36:3);DG(18:1_18:2)
DG 18:1_18:3	DG 18:1_18:3	Diglycerides	DG(36:4)	sum	DG(36:4);DG(18:1_18:3)
DG 18:1_18:4	DG 18:1_18:4	Diglycerides	DG(36:5)	sum	DG(36:5);DG(18:1_18:4)
DG 18:1_20:0	DG 18:1_20:0	Diglycerides	DG(38:1)	sum	DG(38:1);DG(18:1_20:0)
DG 18:1_20:1	DG 18:1_20:1	Diglycerides	DG(38:2)	sum	DG(38:2);DG(18:1_20:1)
DG 18:1_20:2	DG 18:1_20:2	Diglycerides	DG(38:3)	sum	DG(38:3);DG(18:1_20:2)
DG 18:1_20:3	DG 18:1_20:3	Diglycerides	DG(38:4)	sum	DG(38:4);DG(18:1_20:3)
DG 18:1_20:4	DG 18:1_20:4	Diglycerides	DG(38:5)	sum	DG(38:5);DG(18:1_20:4)
DG 18:1_22:5	DG 18:1_22:5	Diglycerides	DG(40:6)	sum	DG(40:6);DG(18:1_22:5)
DG 18:1_22:6	DG 18:1_22:6	Diglycerides	DG(40:7)	sum	DG(40:7);DG(18:1_22:6)
DG 18:2_18:2	DG 18:2_18:2	Diglycerides	DG(36:4)	sum	DG(36:4);DG(18:2_18:2)
DG 18:2_18:3	DG 18:2_18:3	Diglycerides	DG(36:5)	sum	DG(36:5);DG(18:2_18:3)
DG 18:2_18:4	DG 18:2_18:4	Diglycerides	DG(36:6)	sum	DG(36:6);DG(18:2_18:4)
DG 18:2_20:0	DG 18:2_20:0	Diglycerides	DG(38:2)	sum	DG(38:2);DG(18:2_20:0)
DG 18:2_20:4	DG 18:2_20:4	Diglycerides	DG(38:6)	sum	DG(38:6);DG(18:2_20:4)
DG 18:3_18:3	DG 18:3_18:3	Diglycerides	DG(36:6)	sum	DG(36:6);DG(18:3_18:3)
DG 18:3_20:2	DG 18:3_20:2	Diglycerides	DG(38:5)	sum	DG(38:5);DG(18:3_20:2)
DG 21:0_22:6	DG 21:0_22:6	Diglycerides	DG(43:6)	sum	DG(43:6);DG(21:0_22:6)
DG 22:1_22:2	DG 22:1_22:2	Diglycerides	DG(44:3)	sum	DG(44:3);DG(22:1_22:2)
DG O-14:0_18:2	DG O-14:0_18:2	Diglycerides	<unmatched>	-	DG(O-32:2);DG(O-14:0_18:2)
DG O-16:0_18:1	DG O-16:0_18:1	Diglycerides	<unmatched>	-	DG(O-34:1);DG(O-16:0_18:1)
DG O-18:2_18:2	DG O-18:2_18:2	Diglycerides	<unmatched>	-	DG(O-36:4);DG(O-18:2_18:2)
Hex2Cer d18:1/14:0	Hex2Cer d18:1/14:0	Dihexosylceramides	Hex2Cer(d18:1/14:0)	species	Hex2Cer(d18:1/14:0);Hex2Cer(32:1)
Hex2Cer d18:1/16:0	Hex2Cer d18:1/16:0	Dihexosylceramides	Hex2Cer(d18:1/16:0)	species	Hex2Cer(d18:1/16:0);Hex2Cer(34:1)
Hex2Cer d18:1/18:0	Hex2Cer d18:1/18:0	Dihexosylceramides	Hex2Cer(d18:1/18:0)	species	Hex2Cer(d18:1/18:0);Hex2Cer(36:1)
Hex2Cer d18:1/20:0	Hex2Cer d18:1/20:0	Dihexosylceramides	Hex2Cer(d18:1/20:0)	species	Hex2Cer(d18:1/20:0);Hex2Cer(38:1)
Hex2Cer d18:1/22:0	Hex2Cer d18:1/22:0	Dihexosylceramides	Hex2Cer(d18:1/22:0)	species	Hex2Cer(d18:1/22:0);Hex2Cer(40:1)
Hex2Cer d18:1/24:0	Hex2Cer d18:1/24:0	Dihexosylceramides	Hex2Cer(d18:1/24:0)	species	Hex2Cer(d18:1/24:0);Hex2Cer(42:1)
Hex2Cer d18:1/24:1	Hex2Cer d18:1/24:1	Dihexosylceramides	Hex2Cer(d18:1/24:1)	species	Hex2Cer(d18:1/24:1);Hex2Cer(42:2)
Hex2Cer d18:1/26:0	Hex2Cer d18:1/26:0	Dihexosylceramides	Hex2Cer(d18:1/26:0)	species	Hex2Cer(d18:1/26:0);Hex2Cer(44:1)
Hex2Cer d18:1/26:1	Hex2Cer d18:1/26:1	Dihexosylceramides	Hex2Cer(d18:1/26:1)	species	Hex2Cer(d18:1/26:1);Hex2Cer(44:2)
Cer d18:0/18:0-OH	Cer d18:0/18:0-OH	Dihydroceramides	Cer(36:0)	sum	Cer(d18:0/18:0-OH);Cer(36:0)
Cer d18:0/18:0	Cer d18:0/18:0	Dihydroceramides	Cer(d18:0/18:0)	species	Cer(d18:0/18:0);Cer(36:0)
Cer d18:0/20:0	Cer d18:0/20:0	Dihydroceramides	Cer(d18:0/20:0)	species	Cer(d18:0/20:0);Cer(38:0)
Cer d18:0/22:0	Cer d18:0/22:0	Dihydroceramides	Cer(d18:0/22:0)	species	Cer(d18:0/22:0);Cer(40:0)
Cer d18:0/24:0	Cer d18:0/24:0	Dihydroceramides	Cer(d18:0/24:0)	species	Cer(d18:0/24:0);Cer(42:0)
Cer d18:0/24:1	Cer d18:0/24:1	Dihydroceramides	Cer(d18:0/24:1)	species	Cer(d18:0/24:1);Cer(42:1)
Cer d18:0/26:1-OH	Cer d18:0/26:1-OH	Dihydroceramides	Cer(44:1)	sum	Cer(d18:0/26:1-OH);Cer(44:1)
Cer d18:0/26:1	Cer d18:0/26:1	Dihydroceramides	Cer(d18:0/26:1)	species	Cer(d18:0/26:1);Cer(44:1)
Hex-Cer d16:1/20:0	Hex-Cer d16:1/20:0	Hexosylceramides	HexCer(36:1)	sum	HexCer(d16:1/20:0);HexCer(36:1)
Hex-Cer d16:1/22:0	Hex-Cer d16:1/22:0	Hexosylceramides	HexCer(38:1)	sum	HexCer(d16:1/22:0);HexCer(38:1)
Hex-Cer d16:1/24:0	Hex-Cer d16:1/24:0	Hexosylceramides	HexCer(40:1)	sum	HexCer(d16:1/24:0);HexCer(40:1)
Hex-Cer d18:1/14:0	Hex-Cer d18:1/14:0	Hexosylceramides	HexCer(d18:1/14:0)	species	HexCer(d18:1/14:0);HexCer(32:1)
Hex-Cer d18:1/16:0	Hex-Cer d18:1/16:0	Hexosylceramides	HexCer(d18:1/16:0)	species	HexCer(d18:1/16:0);HexCer(34:1)
Hex-Cer d18:1/18:0	Hex-Cer d18:1/18:0	Hexosylceramides	HexCer(d18:1/18:0)	species	HexCer(d18:1/18:0);HexCer(36:1)
Hex-Cer d18:1/18:1	Hex-Cer d18:1/18:1	Hexosylceramides	HexCer(d18:1/18:1)	species	HexCer(d18:1/18:1);HexCer(36:2)
Hex-Cer d18:1/20:0	Hex-Cer d18:1/20:0	Hexosylceramides	HexCer(d18:1/20:0)	species	HexCer(d18:1/20:0);HexCer(38:1)
Hex-Cer d18:1/22:0	Hex-Cer d18:1/22:0	Hexosylceramides	HexCer(d18:1/22:0)	species	HexCer(d18:1/22:0);HexCer(40:1)
Hex-Cer d18:1/23:0	Hex-Cer d18:1/23:0	Hexosylceramides	HexCer(d18:1/23:0)	species	HexCer(d18:1/23:0);HexCer(41:1)
Hex-Cer d18:1/24:0	Hex-Cer d18:1/24:0	Hexosylceramides	HexCer(d18:1/24:0)	species	HexCer(d18:1/24:0);HexCer(42:1)
Hex-Cer d18:1/24:1	Hex-Cer d18:1/24:1	Hexosylceramides	HexCer(d18:1/24:1)	species	HexCer(d18:1/24:1);HexCer(42:2)
Hex-Cer d18:1/26:0	Hex-Cer d18:1/26:0	Hexosylceramides	HexCer(d18:1/26:0)	species	HexCer(d18:1/26:0);HexCer(44:1)
Hex-Cer d18:1/26:1	Hex-Cer d18:1/26:1	Hexosylceramides	HexCer(d18:1/26:1)	species	HexCer(d18:1/26:1);HexCer(44:2)
Hex-Cer d18:2/16:0	Hex-Cer d18:2/16:0	Hexosylceramides	HexCer(34:2)	sum	HexCer(d18:2/16:0);HexCer(34:2)
Hex-Cer d18:2/18:0	Hex-Cer d18:2/18:0	Hexosylceramides	HexCer(36:2)	sum	HexCer(d18:2/18:0);HexCer(36:2)
Hex-Cer d18:2/20:0	Hex-Cer d18:2/20:0	Hexosylceramides	HexCer(38:2)	sum	HexCer(d18:2/20:0);HexCer(38:2)
Hex-Cer d18:2/22:0	Hex-Cer d18:2/22:0	Hexosylceramides	HexCer(40:2)	sum	HexCer(d18:2/22:0);HexCer(40:2)
Hex-Cer d18:2/23:0	Hex-Cer d18:2/23:0	Hexosylceramides	HexCer(41:2)	sum	HexCer(d18:2/23:0);HexCer(41:2)
Hex-Cer d18:2/24:0	Hex-Cer d18:2/24:0	Hexosylceramides	HexCer(42:2)	sum	HexCer(d18:2/24:0);HexCer(42:2)
LPA 14:0	LPA 14:0	Lysophosphatidic acids	PA(14:0/0:0)	lyso	PA(14:0/0:0)
LPA 14:1	LPA 14:1	Lysophosphatidic acids	PA(14:1/0:0)	lyso	PA(14:1/0:0)
LPA 15:0	LPA 15:0	Lysophosphatidic acids	PA(15:0/0:0)	lyso	PA(15:0/0:0)
LPA 16:0	LPA 16:0	Lysophosphatidic acids	PA(16:0/0:0)	lyso	PA(16:0/0:0)
LPA 18:1	LPA 18:1	Lysophosphatidic acids	PA(18:1/0:0)	lyso	PA(18:1/0:0)
LPA 18:2	LPA 18:2	Lysophosphatidic acids	PA(18:2/0:0)	lyso	PA(18:2/0:0)
LPA 22:3	LPA 22:3	Lysophosphatidic acids	PA(22:3/0:0)	lyso	PA(22:3/0:0)
LPA 22:4	LPA 22:4	Lysophosphatidic acids	PA(22:4/0:0)	lyso	PA(22:4/0:0)
LPC 14:0	LPC 14:0	Lysophosphatidylcholines	PC(14:0/0:0)	lyso	PC(14:0/0:0)
LPC 16:0	LPC 16:0	Lysophosphatidylcholines	PC(16:0/0:0)	lyso	PC(16:0/0:0)
LPC 16:1	LPC 16:1	Lysophosphatidylcholines	PC(16:1/0:0)	lyso	PC(16:1/0:0)
LPC 17:0	LPC 17:0	Lysophosphatidylcholines	PC(17:0/0:0)	lyso	PC(17:0/0:0)
LPC 18:0	LPC 18:0	Lysophosphatidylcholines	PC(18:0/0:0)	lyso	PC(18:0/0:0)
LPC 18:1	LPC 18:1	Lysophosphatidylcholines	PC(18:1/0:0)	lyso	PC(18:1/0:0)
LPC 18:2	LPC 18:2	Lysophosphatidylcholines	PC(18:2/0:0)	lyso	PC(18:2/0:0)
LPC 20:3	LPC 20:3	Lysophosphatidylcholines	PC(20:3/0:0)	lyso	PC(20:3/0:0)
LPC 20:4	LPC 20:4	Lysophosphatidylcholines	PC(20:4/0:0)	lyso	PC(20:4/0:0)
LPC 24:0	LPC 24:0	Lysophosphatidylcholines	<unmatched>	-	PC(24:0/0:0)
LPC 26:0	LPC 26:0	Lysophosphatidylcholines	<unmatched>	-	PC(26:0/0:0)
LPC 26:1	LPC 26:1	Lysophosphatidylcholines	<unmatched>	-	PC(26:1/0:0)
LPE 12:0	LPE 12:0	Lysophosphatidylethanolamines	<unmatched>	-	PE(12:0/0:0)
LPE 14:0	LPE 14:0	Lysophosphatidylethanolamines	PE(14:0/0:0)	lyso	PE(14:0/0:0)
LPE 14:1	LPE 14:1	Lysophosphatidylethanolamines	PE(14:1/0:0)	lyso	PE(14:1/0:0)
LPE 15:0	LPE 15:0	Lysophosphatidylethanolamines	PE(15:0/0:0)	lyso	PE(15:0/0:0)
LPE 16:0	LPE 16:0	Lysophosphatidylethanolamines	PE(16:0/0:0)	lyso	PE(16:0/0:0)
LPE 16:1	LPE 16:1	Lysophosphatidylethanolamines	PE(16:1/0:0)	lyso	PE(16:1/0:0)
LPE 17:0	LPE 17:0	Lysophosphatidylethanolamines	PE(17:0/0:0)	lyso	PE(17:0/0:0)
LPE 17:1	LPE 17:1	Lysophosphatidylethanolamines	PE(17:1/0:0)	lyso	PE(17:1/0:0)
LPE 18:0	LPE 18:0	Lysophosphatidylethanolamines	PE(18:0/0:0)	lyso	PE(18:0/0:0)
LPE 18:1	LPE 18:1	Lysophosphatidylethanolamines	PE(18:1/0:0)	lyso	PE(18:1/0:0)
LPE 18:2	LPE 18:2	Lysophosphatidylethanolamines	PE(18:2/0:0)	lyso	PE(18:2/0:0)
LPE 18:3	LPE 18:3	Lysophosphatidylethanolamines	PE(18:3/0:0)	lyso	PE(18:3/0:0)
LPE 19:0	LPE 19:0	Lysophosphatidylethanolamines	PE(19:0/0:0)	lyso	PE(19:0/0:0)
LPE 19:1	LPE 19:1	Lysophosphatidylethanolamines	PE(19:1/0:0)	lyso	PE(19:1/0:0)
LPE 19:2	LPE 19:2	Lysophosphatidylethanolamines	PE(19:2/0:0)	lyso	PE(19:2/0:0)
LPE 20:0	LPE 20:0	Lysophosphatidylethanolamines	PE(20:0/0:0)	lyso	PE(20:0/0:0)
LPE 20:1	LPE 20:1	Lysophosphatidylethanolamines	PE(20:1/0:0)	lyso	PE(20:1/0:0)
LPE 20:2	LPE 20:2	Lysophosphatidylethanolamines	PE(20:2/0:0)	lyso	PE(20:2/0:0)
LPE 20:3	LPE 20:3	Lysophosphatidylethanolamines	PE(20:3/0:0)	lyso	PE(20:3/0:0)
LPE 20:4	LPE 20:4	Lysophosphatidylethanolamines	PE(20:4/0:0)	lyso	PE(20:4/0:0)
LPE 20:5	LPE 20:5	Lysophosphatidylethanolamines	PE(20:5/0:0)	lyso	PE(20:5/0:0)
LPE 22:0	LPE 22:0	Lysophosphatidylethanolamines	PE(22:0/0:0)	lyso	PE(22:0/0:0)
LPE 22:1	LPE 22:1	Lysophosphatidylethanolamines	PE(22:1/0:0)	lyso	PE(22:1/0:0)
LPE 22:4	LPE 22:4	Lysophosphatidylethanolamines	PE(22:4/0:0)	lyso	PE(22:4/0:0)
LPE 22:5	LPE 22:5	Lysophosphatidylethanolamines	PE(22:5/0:0)	lyso	PE(22:5/0:0)
LPE 22:6	LPE 22:6	Lysophosphatidylethanolamines	PE(22:6/0:0)	lyso	PE(22:6/0:0)
LPE 24:0	LPE 24:0	Lysophosphatidylethanolamines	<unmatched>	-	PE(24:0/0:0)
LPE P-14:0	LPE P-14:0	Lysophosphatidylethanolamines	<unmatched>	-	PE(P-14:0/0:0)
LPE P-15:0	LPE P-15:0	Lysophosphatidylethanolamines	<unmatched>	-	PE(P-15:0/0:0)
LPE P-16:0	LPE P-16:0	Lysophosphatidylethanolamines	<unmatched>	-	PE(P-16:0/0:0)
LPE P-17:0	LPE P-17:0	Lysophosphatidylethanolamines	<unmatched>	-	PE(P-17:0/0:0)
LPE P-18:0	LPE P-18:0	Lysophosphatidylethanolamines	<unmatched>	-	PE(P-18:0/0:0)
LPE P-18:1	LPE P-18:1	Lysophosphatidylethanolamines	<unmatched>	-	PE(P-18:1/0:0)
LPE P-18:2	LPE P-18:2	Lysophosphatidylethanolamines	<unmatched>	-	PE(P-18:2/0:0)
LPE P-20:0	LPE P-20:0	Lysophosphatidylethanolamines	<unmatched>	-	PE(P-20:0/0:0)
LPE P-20:1	LPE P-20:1	Lysophosphatidylethanolamines	<unmatched>	-	PE(P-20:1/0:0)
LPE P-20:4	LPE P-20:4	Lysophosphatidylethanolamines	<unmatched>	-	PE(P-20:4/0:0)
LPE P-20:5	LPE P-20:5	Lysophosphatidylethanolamines	<unmatched>	-	PE(P-20:5/0:0)
LPE P-22:0	LPE P-22:0	Lysophosphatidylethanolamines	<unmatched>	-	PE(P-22:0/0:0)
LPE P-22:1	LPE P-22:1	Lysophosphatidylethanolamines	<unmatched>	-	PE(P-22:1/0:0)
LPE P-22:4	LPE P-22:4	Lysophosphatidylethanolamines	<unmatched>	-	PE(P-22:4/0:0)
LPE P-22:5	LPE P-22:5	Lysophosphatidylethanolamines	<unmatched>	-	PE(P-22:5/0:0)
LPE P-22:6	LPE P-22:6	Lysophosphatidylethanolamines	<unmatched>	-	PE(P-22:6/0:0)
LPG 14:0	LPG 14:0	Lysophosphatidylglycerols	PG(14:0/0:0)	lyso	PG(14:0/0:0)
LPG 14:1	LPG 14:1	Lysophosphatidylglycerols	PG(14:1/0:0)	lyso	PG(14:1/0:0)
LPG 16:0	LPG 16:0	Lysophosphatidylglycerols	PG(16:0/0:0)	lyso	PG(16:0/0:0)
LPG 16:1	LPG 16:1	Lysophosphatidylglycerols	PG(16:1/0:0)	lyso	PG(16:1/0:0)
LPG 17:0	LPG 17:0	Lysophosphatidylglycerols	PG(17:0/0:0)	lyso	PG(17:0/0:0)
LPG 17:1	LPG 17:1	Lysophosphatidylglycerols	PG(17:1/0:0)	lyso	PG(17:1/0:0)
LPG 18:0	LPG 18:0	Lysophosphatidylglycerols	PG(18:0/0:0)	lyso	PG(18:0/0:0)
LPG 18:1	LPG 18:1	Lysophosphatidylglycerols	PG(18:1/0:0)	lyso	PG(18:1/0:0)
LPG 18:2	LPG 18:2	Lysophosphatidylglycerols	PG(18:2/0:0)	lyso	PG(18:2/0:0)
LPG 20:1	LPG 20:1	Lysophosphatidylglycerols	PG(20:1/0:0)	lyso	PG(20:1/0:0)
LPI 14:0	LPI 14:0	Lysophosphatidylinositols	PI(14:0/0:0)	lyso	PI(14:0/0:0)
LPI 14:1	LPI 14:1	Lysophosphatidylinositols	PI(14:1/0:0)	lyso	PI(14:1/0:0)
LPI 16:0	LPI 16:0	Lysophosphatidylinositols	PI(16:0/0:0)	lyso	PI(16:0/0:0)
LPI 16:1	LPI 16:1	Lysophosphatidylinositols	PI(16:1/0:0)	lyso	PI(16:1/0:0)
LPI 17:0	LPI 17:0	Lysophosphatidylinositols	PI(17:0/0:0)	lyso	PI(17:0/0:0)
LPI 17:1	LPI 17:1	Lysophosphatidylinositols	PI(17:1/0:0)	lyso	PI(17:1/0:0)
LPI 18:0	LPI 18:0	Lysophosphatidylinositols	PI(18:0/0:0)	lyso	PI(18:0/0:0)
LPI 18:1	LPI 18:1	Lysophosphatidylinositols	PI(18:1/0:0)	lyso	PI(18:1/0:0)
LPI 18:2	LPI 18:2	Lysophosphatidylinositols	PI(18:2/0:0)	lyso	PI(18:2/0:0)
LPI 18:3	LPI 18:3	Lysophosphatidylinositols	PI(18:3/0:0)	lyso	PI(18:3/0:0)
LPI 19:0	LPI 19:0	Lysophosphatidylinositols	PI(19:0/0:0)	lyso	PI(19:0/0:0)
LPI 20:1	LPI 20:1	Lysophosphatidylinositols	PI(20:1/0:0)	lyso	PI(20:1/0:0)
LPI 20:4	LPI 20:4	Lysophosphatidylinositols	PI(20:4/0:0)	lyso	PI(20:4/0:0)
LPI 22:0	LPI 22:0	Lysophosphatidylinositols	PI(22:0/0:0)	lyso	PI(22:0/0:0)
LPI 22:1	LPI 22:1	Lysophosphatidylinositols	PI(22:1/0:0)	lyso	PI(22:1/0:0)
LPS 16:0	LPS 16:0	Lysophosphatidylserines	PS(16:0/0:0)	lyso	PS(16:0/0:0)
LPS 16:1	LPS 16:1	Lysophosphatidylserines	PS(16:1/0:0)	lyso	PS(16:1/0:0)
LPS 18:0	LPS 18:0	Lysophosphatidylserines	PS(18:0/0:0)	lyso	PS(18:0/0:0)
LPS 18:1	LPS 18:1	Lysophosphatidylserines	PS(18:1/0:0)	lyso	PS(18:1/0:0)
LPS 18:2	LPS 18:2	Lysophosphatidylserines	PS(18:2/0:0)	lyso	PS(18:2/0:0)
LPS 18:3	LPS 18:3	Lysophosphatidylserines	PS(18:3/0:0)	lyso	PS(18:3/0:0)
LPS 20:0	LPS 20:0	Lysophosphatidylserines	PS(20:0/0:0)	lyso	PS(20:0/0:0)
LPS 20:1	LPS 20:1	Lysophosphatidylserines	PS(20:1/0:0)	lyso	PS(20:1/0:0)
LPS 20:4	LPS 20:4	Lysophosphatidylserines	PS(20:4/0:0)	lyso	PS(20:4/0:0)
LPS 20:5	LPS 20:5	Lysophosphatidylserines	PS(20:5/0:0)	lyso	PS(20:5/0:0)
LPS 22:0	LPS 22:0	Lysophosphatidylserines	PS(22:0/0:0)	lyso	PS(22:0/0:0)
LPS 22:6	LPS 22:6	Lysophosphatidylserines	PS(22:6/0:0)	lyso	PS(22:6/0:0)
MG 16:1	MG 16:1	Monoglycerides	<unmatched>	-	MG(16:1);MG(16:1)
MG 18:1	MG 18:1	Monoglycerides	<unmatched>	-	MG(18:1);MG(18:1)
MG 18:2	MG 18:2	Monoglycerides	<unmatched>	-	MG(18:2);MG(18:2)
MG 18:3	MG 18:3	Monoglycerides	<unmatched>	-	MG(18:3);MG(18:3)
MG 20:1	MG 20:1	Monoglycerides	<unmatched>	-	MG(20:1);MG(20:1)
MG 20:3	MG 20:3	Monoglycerides	<unmatched>	-	MG(20:3);MG(20:3)
MG 20:4	MG 20:4	Monoglycerides	<unmatched>	-	MG(20:4);MG(20:4)
MG 20:5	MG 20:5	Monoglycerides	<unmatched>	-	MG(20:5);MG(20:5)
MG 22:1	MG 22:1	Monoglycerides	<unmatched>	-	MG(22:1);MG(22:1)
MG 22:2	MG 22:2	Monoglycerides	<unmatched>	-	MG(22:2);MG(22:2)
MG 22:4	MG 22:4	Monoglycerides	<unmatched>	-	MG(22:4);MG(22:4)
MG 22:6	MG 22:6	Monoglycerides	<unmatched>	-	MG(22:6);MG(22:6)
PA 14:0_14:1	PA 14:0_14:1	Phosphatidic acids	PA(28:1)	sum	PA(28:1);PA(14:0_14:1)
PA 16:0_18:1	PA 16:0_18:1	Phosphatidic acids	PA(34:1)	sum	PA(34:1);PA(16:0_18:1)
PA 16:0_18:2	PA 16:0_18:2	Phosphatidic acids	PA(34:2)	sum	PA(34:2);PA(16:0_18:2)
PA 16:0_18:3	PA 16:0_18:3	Phosphatidic acids	PA(34:3)	sum	PA(34:3);PA(16:0_18:3)
PA 16:0_19:2	PA 16:0_19:2	Phosphatidic acids	PA(35:2)	sum	PA(35:2);PA(16:0_19:2)
PA 16:1_18:1	PA 16:1_18:1	Phosphatidic acids	PA(34:2)	sum	PA(34:2);PA(16:1_18:1)
PA 16:1_18:2	PA 16:1_18:2	Phosphatidic acids	PA(34:3)	sum	PA(34:3);PA(16:1_18:2)
PA 16:1_22:0	PA 16:1_22:0	Phosphatidic acids	PA(38:1)	sum	PA(38:1);PA(16:1_22:0)
PA 16:2_18:1	PA 16:2_18:1	Phosphatidic acids	PA(34:3)	sum	PA(34:3);PA(16:2_18:1)
PA 17:0_18:1	PA 17:0_18:1	Phosphatidic acids	PA(35:1)	sum	PA(35:1);PA(17:0_18:1)
PA 17:0_18:2	PA 17:0_18:2	Phosphatidic acids	PA(35:2)	sum	PA(35:2);PA(17:0_18:2)
PA 17:0_18:3	PA 17:0_18:3	Phosphatidic acids	PA(35:3)	sum	PA(35:3);PA(17:0_18:3)
PA 17:1_18:1	PA 17:1_18:1	Phosphatidic acids	PA(35:2)	sum	PA(35:2);PA(17:1_18:1)
PA 17:1_18:2	PA 17:1_18:2	Phosphatidic acids	PA(35:3)	sum	PA(35:3);PA(17:1_18:2)
PA 17:2_18:1	PA 17:2_18:1	Phosphatidic acids	PA(35:3)	sum	PA(35:3);PA(17:2_18:1)
PA 18:0_18:1	PA 18:0_18:1	Phosphatidic acids	PA(36:1)	sum	PA(36:1);PA(18:0_18:1)
PA 18:0_18:2	PA 18:0_18:2	Phosphatidic acids	PA(36:2)	sum	PA(36:2);PA(18:0_18:2)
PA 18:0_18:3	PA 18:0_18:3	Phosphatidic acids	PA(36:3)	sum	PA(36:3);PA(18:0_18:3)
PA 18:1_18:1	PA 18:1_18:1	Phosphatidic acids	PA(36:2)	sum	PA(36:2);PA(18:1_18:1)
PA 18:1_18:2	PA 18:1_18:2	Phosphatidic acids	PA(36:3)	sum	PA(36:3);PA(18:1_18:2)
PA 18:1_18:3	PA 18:1_18:3	Phosphatidic acids	PA(36:4)	sum	PA(36:4);PA(18:1_18:3)
PA 18:1_18:4	PA 18:1_18:4	Phosphatidic acids	PA(36:5)	sum	PA(36:5);PA(18:1_18:4)
PA 18:1_20:0	PA 18:1_20:0	Phosphatidic acids	PA(38:1)	sum	PA(38:1);PA(18:1_20:0)
PA 18:1_20:1	PA 18:1_20:1	Phosphatidic acids	PA(38:2)	sum	PA(38:2);PA(18:1_20:1)
PA 18:1_20:2	PA 18:1_20:2	Phosphatidic acids	PA(38:3)	sum	PA(38:3);PA(18:1_20:2)
PA 18:1_20:3	PA 18:1_20:3	Phosphatidic acids	PA(38:4)	sum	PA(38:4);PA(18:1_20:3)
PA 18:1_22:0	PA 18:1_22:0	Phosphatidic acids	PA(40:1)	sum	PA(40:1);PA(18:1_22:0)
PA 18:1_22:1	PA 18:1_22:1	Phosphatidic acids	PA(40:2)	sum	PA(40:2);PA(18:1_22:1)
PA 18:1_22:2	PA 18:1_22:2	Phosphatidic acids	PA(40:3)	sum	PA(40:3);PA(18:1_22:2)
PA 18:1_22:3	PA 18:1_22:3	Phosphatidic acids	PA(40:4)	sum	PA(40:4);PA(18:1_22:3)
PA 18:2_18:2	PA 18:2_18:2	Phosphatidic acids	PA(36:4)	sum	PA(36:4);PA(18:2_18:2)
PA 18:2_18:3	PA 18:2_18:3	Phosphatidic acids	PA(36:5)	sum	PA(36:5);PA(18:2_18:3)
PA 18:2_20:0	PA 18:2_20:0	Phosphatidic acids	PA(38:2)	sum	PA(38:2);PA(18:2_20:0)
PA 18:2_20:1	PA 18:2_20:1	Phosphatidic acids	PA(38:3)	sum	PA(38:3);PA(18:2_20:1)
PA 18:2_20:2	PA 18:2_20:2	Phosphatidic acids	PA(38:4)	sum	PA(38:4);PA(18:2_20:2)
PA 18:2_22:0	PA 18:2_22:0	Phosphatidic acids	PA(40:2)	sum	PA(40:2);PA(18:2_22:0)
PA 18:2_22:1	PA 18:2_22:1	Phosphatidic acids	PA(40:3)	sum	PA(40:3);PA(18:2_22:1)
PA 18:2_22:3	PA 18:2_22:3	Phosphatidic acids	PA(40:5)	sum	PA(40:5);PA(18:2_22:3)
PA 18:2_22:4	PA 18:2_22:4	Phosphatidic acids	PA(40:6)	sum	PA(40:6);PA(18:2_22:4)
PA 18:3_18:3	PA 18:3_18:3	Phosphatidic acids	PA(36:6)	sum	PA(36:6);PA(18:3_18:3)
PA 20:0_20:4	PA 20:0_20:4	Phosphatidic acids	PA(40:4)	sum	PA(40:4);PA(20:0_20:4)
PC 24:0	PC 24:0	Phosphatidylcholines	PC(24:0)	sum	PC(24:0);PC(24:0)
PC 26:0	PC 26:0	Phosphatidylcholines	PC(26:0)	sum	PC(26:0);PC(26:0)
PC 28:1	PC 28:1	Phosphatidylcholines	PC(28:1)	sum	PC(28:1);PC(28:1)
PC 30:0	PC 30:0	Phosphatidylcholines	PC(30:0)	sum	PC(30:0);PC(30:0)
PC 32:0	PC 32:0	Phosphatidylcholines	PC(32:0)	sum	PC(32:0);PC(32:0)
PC 32:1	PC 32:1	Phosphatidylcholines	PC(32:1)	sum	PC(32:1);PC(32:1)
PC 32:2	PC 32:2	Phosphatidylcholines	PC(32:2)	sum	PC(32:2);PC(32:2)
PC 32:3	PC 32:3	Phosphatidylcholines	PC(32:3)	sum	PC(32:3);PC(32:3)
PC 34:1	PC 34:1	Phosphatidylcholines	PC(34:1)	sum	PC(34:1);PC(34:1)
PC 34:2	PC 34:2	Phosphatidylcholines	PC(34:2)	sum	PC(34:2);PC(34:2)
PC 34:3	PC 34:3	Phosphatidylcholines	PC(34:3)	sum	PC(34:3);PC(34:3)
PC 34:4	PC 34:4	Phosphatidylcholines	PC(34:4)	sum	PC(34:4);PC(34:4)
PC 36:0	PC 36:0	Phosphatidylcholines	PC(36:0)	sum	PC(36:0);PC(36:0)
PC 36:1	PC 36:1	Phosphatidylcholines	PC(36:1)	sum	PC(36:1);PC(36:1)
PC 36:2	PC 36:2	Phosphatidylcholines	PC(36:2)	sum	PC(36:2);PC(36:2)
PC 36:3	PC 36:3	Phosphatidylcholines	PC(36:3)	sum	PC(36:3);PC(36:3)
PC 36:4	PC 36:4	Phosphatidylcholines	PC(36:4)	sum	PC(36:4);PC(36:4)
PC 36:5	PC 36:5	Phosphatidylcholines	PC(36:5)	sum	PC(36:5);PC(36:5)
PC 36:6	PC 36:6	Phosphatidylcholines	PC(36:6)	sum	PC(36:6);PC(36:6)
PC 38:0	PC 38:0	Phosphatidylcholines	PC(38:0)	sum	PC(38:0);PC(38:0)
PC 38:3	PC 38:3	Phosphatidylcholines	PC(38:3)	sum	PC(38:3);PC(38:3)
PC 38:4	PC 38:4	Phosphatidylcholines	PC(38:4)	sum	PC(38:4);PC(38:4)
PC 38:5	PC 38:5	Phosphatidylcholines	PC(38:5)	sum	PC(38:5);PC(38:5)
PC 38:6	PC 38:6	Phosphatidylcholines	PC(38:6)	sum	PC(38:6);PC(38:6)
PC 40:1	PC 40:1	Phosphatidylcholines	PC(40:1)	sum	PC(40:1);PC(40:1)
PC 40:2	PC 40:2	Phosphatidylcholines	PC(40:2)	sum	PC(40:2);PC(40:2)
PC 40:3	PC 40:3	Phosphatidylcholines	PC(40:3)	sum	PC(40:3);PC(40:3)
PC 40:4	PC 40:4	Phosphatidylcholines	PC(40:4)	sum	PC(40:4);PC(40:4)
PC 40:5	PC 40:5	Phosphatidylcholines	PC(40:5)	sum	PC(40:5);PC(40:5)
PC 40:6	PC 40:6	Phosphatidylcholines	PC(40:6)	sum	PC(40:6);PC(40:6)
PC 42:0	PC 42:0	Phosphatidylcholines	PC(42:0)	sum	PC(42:0);PC(42:0)
PC 42:1	PC 42:1	Phosphatidylcholines	PC(42:1)	sum	PC(42:1);PC(42:1)
PC 42:2	PC 42:2	Phosphatidylcholines	PC(42:2)	sum	PC(42:2);PC(42:2)
PC 42:4	PC 42:4	Phosphatidylcholines	PC(42:4)	sum	PC(42:4);PC(42:4)
PC 42:5	PC 42:5	Phosphatidylcholines	PC(42:5)	sum	PC(42:5);PC(42:5)
PC 42:6	PC 42:6	Phosphatidylcholines	PC(42:6)	sum	PC(42:6);PC(42:6)
PC O-28:0	PC O-28:0	Phosphatidylcholines	PC(O-28:0)	sum	PC(O-28:0);PC(O-28:0)
PC O-28:1	PC O-28:1	Phosphatidylcholines	PC(O-28:1)	sum	PC(O-28:1);PC(O-28:1)
PC O-30:0	PC O-30:0	Phosphatidylcholines	PC(O-30:0)	sum	PC(O-30:0);PC(O-30:0)
PC O-30:1	PC O-30:1	Phosphatidylcholines	PC(O-30:1)	sum	PC(O-30:1);PC(O-30:1)
PC O-30:2	PC O-30:2	Phosphatidylcholines	PC(O-30:2)	sum	PC(O-30:2);PC(O-30:2)
PC O-32:1	PC O-32:1	Phosphatidylcholines	PC(O-32:1)	sum	PC(O-32:1);PC(O-32:1)
PC O-32:2	PC O-32:2	Phosphatidylcholines	PC(O-32:2)	sum	PC(O-32:2);PC(O-32:2)
PC O-34:0	PC O-34:0	Phosphatidylcholines	PC(O-34:0)	sum	PC(O-34:0);PC(O-34:0)
PC O-34:1	PC O-34:1	Phosphatidylcholines	PC(O-34:1)	sum	PC(O-34:1);PC(O-34:1)
PC O-34:2	PC O-34:2	Phosphatidylcholines	PC(O-34:2)	sum	PC(O-34:2);PC(O-34:2)
PC O-34:3	PC O-34:3	Phosphatidylcholines	PC(O-34:3)	sum	PC(O-34:3);PC(O-34:3)
PC O-36:0	PC O-36:0	Phosphatidylcholines	PC(O-36:0)	sum	PC(O-36:0);PC(O-36:0)
PC O-36:1	PC O-36:1	Phosphatidylcholines	PC(O-36:1)	sum	PC(O-36:1);PC(O-36:1)
PC O-36:2	PC O-36:2	Phosphatidylcholines	PC(O-36:2)	sum	PC(O-36:2);PC(O-36:2)
PC O-36:3	PC O-36:3	Phosphatidylcholines	PC(O-36:3)	sum	PC(O-36:3);PC(O-36:3)
PC O-36:4	PC O-36:4	Phosphatidylcholines	PC(O-36:4)	sum	PC(O-36:4);PC(O-36:4)
PC O-36:5	PC O-36:5	Phosphatidylcholines	PC(O-36:5)	sum	PC(O-36:5);PC(O-36:5)
PC O-38:0	PC O-38:0	Phosphatidylcholines	PC(O-38:0)	sum	PC(O-38:0);PC(O-38:0)
PC O-38:1	PC O-38:1	Phosphatidylcholines	PC(O-38:1)	sum	PC(O-38:1);PC(O-38:1)
PC O-38:2	PC O-38:2	Phosphatidylcholines	PC(O-38:2)	sum	PC(O-38:2);PC(O-38:2)
PC O-38:3	PC O-38:3	Phosphatidylcholines	PC(O-38:3)	sum	PC(O-38:3);PC(O-38:3)
PC O-38:4	PC O-38:4	Phosphatidylcholines	PC(O-38:4)	sum	PC(O-38:4);PC(O-38:4)
PC O-38:5	PC O-38:5	Phosphatidylcholines	PC(O-38:5)	sum	PC(O-38:5);PC(O-38:5)
PC O-38:6	PC O-38:6	Phosphatidylcholines	PC(O-38:6)	sum	PC(O-38:6);PC(O-38:6)
PC O-40:1	PC O-40:1	Phosphatidylcholines	PC(O-40:1)	sum	PC(O-40:1);PC(O-40:1)
PC O-40:2	PC O-40:2	Phosphatidylcholines	PC(O-40:2)	sum	PC(O-40:2);PC(O-40:2)
PC O-40:3	PC O-40:3	Phosphatidylcholines	PC(O-40:3)	sum	PC(O-40:3);PC(O-40:3)
PC O-40:4	PC O-40:4	Phosphatidylcholines	PC(O-40:4)	sum	PC(O-40:4);PC(O-40:4)
PC O-40:5	PC O-40:5	Phosphatidylcholines	PC(O-40:5)	sum	PC(O-40:5);PC(O-40:5)
PC O-40:6	PC O-40:6	Phosphatidylcholines	PC(O-40:6)	sum	PC(O-40:6);PC(O-40:6)
PC O-42:0	PC O-42:0	Phosphatidylcholines	PC(O-42:0)	sum	PC(O-42:0);PC(O-42:0)
PC O-42:1	PC O-42:1	Phosphatidylcholines	PC(O-42:1)	sum	PC(O-42:1);PC(O-42:1)
PC O-42:2	PC O-42:2	Phosphatidylcholines	PC(O-42:2)	sum	PC(O-42:2);PC(O-42:2)
PC O-42:3	PC O-42:3	Phosphatidylcholines	PC(O-42:3)	sum	PC(O-42:3);PC(O-42:3)
PC O-42:4	PC O-42:4	Phosphatidylcholines	PC(O-42:4)	sum	PC(O-42:4);PC(O-42:4)
PC O-42:5	PC O-42:5	Phosphatidylcholines	PC(O-42:5)	sum	PC(O-42:5);PC(O-42:5)
PC O-44:3	PC O-44:3	Phosphatidylcholines	PC(O-44:3)	sum	PC(O-44:3);PC(O-44:3)
PC O-44:4	PC O-44:4	Phosphatidylcholines	PC(O-44:4)	sum	PC(O-44:4);PC(O-44:4)
PC O-44:5	PC O-44:5	Phosphatidylcholines	PC(O-44:5)	sum	PC(O-44:5);PC(O-44:5)
PC O-44:6	PC O-44:6	Phosphatidylcholines	PC(O-44:6)	sum	PC(O-44:6);PC(O-44:6)
PE 20:0	PE 20:0	Phosphatidylethanolamines	<unmatched>	-	PE(20:0);PE(20:0)
PE 28:0	PE 28:0	Phosphatidylethanolamines	PE(28:0)	sum	PE(28:0);PE(28:0)
PE 28:1	PE 28:1	Phosphatidylethanolamines	PE(28:1)	sum	PE(28:1);PE(28:1)
PE 30:0	PE 30:0	Phosphatidylethanolamines	PE(30:0)	sum	PE(30:0);PE(30:0)
PE 30:1	PE 30:1	Phosphatidylethanolamines	PE(30:1)	sum	PE(30:1);PE(30:1)
PE 31:0	PE 31:0	Phosphatidylethanolamines	PE(31:0)	sum	PE(31:0);PE(31:0)
PE 32:0	PE 32:0	Phosphatidylethanolamines	PE(32:0)	sum	PE(32:0);PE(32:0)
PE 32:1	PE 32:1	Phosphatidylethanolamines	PE(32:1)	sum	PE(32:1);PE(32:1)
PE 32:2	PE 32:2	Phosphatidylethanolamines	PE(32:2)	sum	PE(32:2);PE(32:2)
PE 33:0	PE 33:0	Phosphatidylethanolamines	PE(33:0)	sum	PE(33:0);PE(33:0)
PE 33:1	PE 33:1	Phosphatidylethanolamines	PE(33:1)	sum	PE(33:1);PE(33:1)
PE 33:2	PE 33:2	Phosphatidylethanolamines	PE(33:2)	sum	PE(33:2);PE(33:2)
PE 34:0	PE 34:0	Phosphatidylethanolamines	PE(34:0)	sum	PE(34:0);PE(34:0)
PE 34:1	PE 34:1	Phosphatidylethanolamines	PE(34:1)	sum	PE(34:1);PE(34:1)
PE 34:2	PE 34:2	Phosphatidylethanolamines	PE(34:2)	sum	PE(34:2);PE(34:2)
PE 34:3	PE 34:3	Phosphatidylethanolamines	PE(34:3)	sum	PE(34:3);PE(34:3)
PE 34:4	PE 34:4	Phosphatidylethanolamines	PE(34:4)	sum	PE(34:4);PE(34:4)
PE 35:1	PE 35:1	Phosphatidylethanolamines	PE(35:1)	sum	PE(35:1);PE(35:1)
PE 35:2	PE 35:2	Phosphatidylethanolamines	PE(35:2)	sum	PE(35:2);PE(35:2)
PE 35:3	PE 35:3	Phosphatidylethanolamines	PE(35:3)	sum	PE(35:3);PE(35:3)
PE 36:0	PE 36:0	Phosphatidylethanolamines	PE(36:0)	sum	PE(36:0);PE(36:0)
PE 36:1	PE 36:1	Phosphatidylethanolamines	PE(36:1)	sum	PE(36:1);PE(36:1)
PE 36:2	PE 36:2	Phosphatidylethanolamines	PE(36:2)	sum	PE(36:2);PE(36:2)
PE 36:3	PE 36:3	Phosphatidylethanolamines	PE(36:3)	sum	PE(36:3);PE(36:3)
PE 36:4	PE 36:4	Phosphatidylethanolamines	PE(36:4)	sum	PE(36:4);PE(36:4)
PE 36:5	PE 36:5	Phosphatidylethanolamines	PE(36:5)	sum	PE(36:5);PE(36:5)
PE 36:6	PE 36:6	Phosphatidylethanolamines	PE(36:6)	sum	PE(36:6);PE(36:6)
PE 38:0	PE 38:0	Phosphatidylethanolamines	PE(38:0)	sum	PE(38:0);PE(38:0)
PE 38:1	PE 38:1	Phosphatidylethanolamines	PE(38:1)	sum	PE(38:1);PE(38:1)
PE 38:2	PE 38:2	Phosphatidylethanolamines	PE(38:2)	sum	PE(38:2);PE(38:2)
PE 38:3	PE 38:3	Phosphatidylethanolamines	PE(38:3)	sum	PE(38:3);PE(38:3)
PE 38:4	PE 38:4	Phosphatidylethanolamines	PE(38:4)	sum	PE(38:4);PE(38:4)
PE 38:5	PE 38:5	Phosphatidylethanolamines	PE(38:5)	sum	PE(38:5);PE(38:5)
PE 38:6	PE 38:6	Phosphatidylethanolamines	PE(38:6)	sum	PE(38:6);PE(38:6)
PE 38:7	PE 38:7	Phosphatidylethanolamines	PE(38:7)	sum	PE(38:7);PE(38:7)
PE 40:1	PE 40:1	Phosphatidylethanolamines	PE(40:1)	sum	PE(40:1);PE(40:1)
PE 40:3	PE 40:3	Phosphatidylethanolamines	PE(40:3)	sum	PE(40:3);PE(40:3)
PE 40:4	PE 40:4	Phosphatidylethanolamines	PE(40:4)	sum	PE(40:4);PE(40:4)
PE 40:5	PE 40:5	Phosphatidylethanolamines	PE(40:5)	sum	PE(40:5);PE(40:5)
PE 40:6	PE 40:6	Phosphatidylethanolamines	PE(40:6)	sum	PE(40:6);PE(40:6)
PE 40:7	PE 40:7	Phosphatidylethanolamines	PE(40:7)	sum	PE(40:7);PE(40:7)
PE 40:8	PE 40:8	Phosphatidylethanolamines	PE(40:8)	sum	PE(40:8);PE(40:8)
PE 42:7	PE 42:7	Phosphatidylethanolamines	PE(42:7)	sum	PE(42:7);PE(42:7)
PE 42:8	PE 42:8	Phosphatidylethanolamines	PE(42:8)	sum	PE(42:8);PE(42:8)
PE 44:11	PE 44:11	Phosphatidylethanolamines	PE(44:11)	sum	PE(44:11);PE(44:11)
PE 44:12	PE 44:12	Phosphatidylethanolamines	PE(44:12)	sum	PE(44:12);PE(44:12)
PE 44:6	PE 44:6	Phosphatidylethanolamines	PE(44:6)	sum	PE(44:6);PE(44:6)
PE 44:7	PE 44:7	Phosphatidylethanolamines	PE(44:7)	sum	PE(44:7);PE(44:7)
PE P-16:0/14:0	PE P-16:0/14:0	Phosphatidylethanolamines	PE(P-30:0)	sum	PE(P-16:0/14:0);PE(P-30:0)
PE P-16:0/15:0	PE P-16:0/15:0	Phosphatidylethanolamines	PE(P-31:0)	sum	PE(P-16:0/15:0);PE(P-31:0)
PE P-16:0/16:0	PE P-16:0/16:0	Phosphatidylethanolamines	PE(P-16:0/16:0)	species	PE(P-16:0/16:0);PE(P-32:0)
PE P-16:0/16:1	PE P-16:0/16:1	Phosphatidylethanolamines	PE(P-16:0/16:1)	species	PE(P-16:0/16:1);PE(P-32:1)
PE P-16:0/18:1	PE P-16:0/18:1	Phosphatidylethanolamines	PE(P-16:0/18:1)	species	PE(P-16:0/18:1);PE(P-34:1)
PE P-16:0/18:2	PE P-16:0/18:2	Phosphatidylethanolamines	PE(P-16:0/18:2)	species	PE(P-16:0/18:2);PE(P-34:2)
PE P-16:0/18:3	PE P-16:0/18:3	Phosphatidylethanolamines	PE(P-16:0/18:3)	species	PE(P-16:0/18:3);PE(P-34:3)
PE P-16:0/20:3	PE P-16:0/20:3	Phosphatidylethanolamines	PE(P-16:0/20:3)	species	PE(P-16:0/20:3);PE(P-36:3)
PE P-16:0/20:4	PE P-16:0/20:4	Phosphatidylethanolamines	PE(P-16:0/20:4)	species	PE(P-16:0/20:4);PE(P-36:4)
PE P-16:0/20:5	PE P-16:0/20:5	Phosphatidylethanolamines	PE(P-16:0/20:5)	species	PE(P-16:0/20:5);PE(P-36:5)
PE P-16:0/22:4	PE P-16:0/22:4	Phosphatidylethanolamines	PE(P-16:0/22:4)	species	PE(P-16:0/22:4);PE(P-38:4)
PE P-16:0/22:5	PE P-16:0/22:5	Phosphatidylethanolamines	PE(P-16:0/22:5)	species	PE(P-16:0/22:5);PE(P-38:5)
PE P-16:0/22:6	PE P-16:0/22:6	Phosphatidylethanolamines	PE(P-16:0/22:6)	species	PE(P-16:0/22:6);PE(P-38:6)
PE P-18:0/14:0	PE P-18:0/14:0	Phosphatidylethanolamines	PE(P-32:0)	sum	PE(P-18:0/14:0);PE(P-32:0)
PE P-18:0/16:0	PE P-18:0/16:0	Phosphatidylethanolamines	PE(P-34:0)	sum	PE(P-18:0/16:0);PE(P-34:0)
PE P-18:0/16:1	PE P-18:0/16:1	Phosphatidylethanolamines	PE(P-34:1)	sum	PE(P-18:0/16:1);PE(P-34:1)
PE P-18:0/17:1	PE P-18:0/17:1	Phosphatidylethanolamines	PE(P-35:1)	sum	PE(P-18:0/17:1);PE(P-35:1)
PE P-18:0/18:0	PE P-18:0/18:0	Phosphatidylethanolamines	PE(P-18:0/18:0)	species	PE(P-18:0/18:0);PE(P-36:0)
PE P-18:0/18:1	PE P-18:0/18:1	Phosphatidylethanolamines	PE(P-18:0/18:1)	species	PE(P-18:0/18:1);PE(P-36:1)
PE P-18:0/18:2	PE P-18:0/18:2	Phosphatidylethanolamines	PE(P-18:0/18:2)	species	PE(P-18:0/18:2);PE(P-36:2)
PE P-18:0/18:3	PE P-18:0/18:3	Phosphatidylethanolamines	PE(P-18:0/18:3)	species	PE(P-18:0/18:3);PE(P-36:3)
PE P-18:0/19:1	PE P-18:0/19:1	Phosphatidylethanolamines	PE(P-18:0/19:1)	species	PE(P-18:0/19:1);PE(P-37:1)
PE P-18:0/20:1	PE P-18:0/20:1	Phosphatidylethanolamines	PE(P-18:0/20:1)	species	PE(P-18:0/20:1);PE(P-38:1)
PE P-18:0/20:2	PE P-18:0/20:2	Phosphatidylethanolamines	PE(P-18:0/20:2)	species	PE(P-18:0/20:2);PE(P-38:2)
PE P-18:0/20:3	PE P-18:0/20:3	Phosphatidylethanolamines	PE(P-18:0/20:3)	species	PE(P-18:0/20:3);PE(P-38:3)
PE P-18:0/20:4	PE P-18:0/20:4	Phosphatidylethanolamines	PE(P-18:0/20:4)	species	PE(P-18:0/20:4);PE(P-38:4)
PE P-18:0/20:5	PE P-18:0/20:5	Phosphatidylethanolamines	PE(P-18:0/20:5)	species	PE(P-18:0/20:5);PE(P-38:5)
PE P-18:0/22:1	PE P-18:0/22:1	Phosphatidylethanolamines	PE(P-18:0/22:1)	species	PE(P-18:0/22:1);PE(P-40:1)
PE P-18:0/22:2	PE P-18:0/22:2	Phosphatidylethanolamines	PE(P-18:0/22:2)	species	PE(P-18:0/22:2);PE(P-40:2)
PE P-18:0/22:3	PE P-18:0/22:3	Phosphatidylethanolamines	PE(P-18:0/22:3)	species	PE(P-18:0/22:3);PE(P-40:3)
PE P-18:0/22:4	PE P-18:0/22:4	Phosphatidylethanolamines	PE(P-18:0/22:4)	species	PE(P-18:0/22:4);PE(P-40:4)
PE P-18:0/22:5	PE P-18:0/22:5	Phosphatidylethanolamines	PE(P-18:0/22:5)	species	PE(P-18:0/22:5);PE(P-40:5)
PE P-18:0/22:6	PE P-18:0/22:6	Phosphatidylethanolamines	PE(P-18:0/22:6)	species	PE(P-18:0/22:6);PE(P-40:6)
PE P-18:1/18:1	PE P-18:1/18:1	Phosphatidylethanolamines	PE(P-18:1/18:1)	species	PE(P-18:1/18:1);PE(P-36:2)
PE P-18:1/18:2	PE P-18:1/18:2	Phosphatidylethanolamines	PE(P-18:1/18:2)	species	PE(P-18:1/18:2);PE(P-36:3)
PE P-18:1/20:4	PE P-18:1/20:4	Phosphatidylethanolamines	PE(P-18:1/20:4)	species	PE(P-18:1/20:4);PE(P-38:5)
PE P-18:1/20:5	PE P-18:1/20:5	Phosphatidylethanolamines	PE(P-18:1/20:5)	species	PE(P-18:1/20:5);PE(P-38:6)
PE P-18:1/22:6	PE P-18:1/22:6	Phosphatidylethanolamines	PE(P-18:1/22:6)	species	PE(P-18:1/22:6);PE(P-40:7)
PE P-20:0/14:0	PE P-20:0/14:0	Phosphatidylethanolamines	PE(P-34:0)	sum	PE(P-20:0/14:0);PE(P-34:0)
PE P-20:0/16:0	PE P-20:0/16:0	Phosphatidylethanolamines	PE(P-36:0)	sum	PE(P-20:0/16:0);PE(P-36:0)
PE P-20:0/16:1	PE P-20:0/16:1	Phosphatidylethanolamines	PE(P-36:1)	sum	PE(P-20:0/16:1);PE(P-36:1)
PE P-20:0/17:1	PE P-20:0/17:1	Phosphatidylethanolamines	PE(P-37:1)	sum	PE(P-20:0/17:1);PE(P-37:1)
PE P-20:0/18:1	PE P-20:0/18:1	Phosphatidylethanolamines	PE(P-38:1)	sum	PE(P-20:0/18:1);PE(P-38:1)
PE P-20:0/18:2	PE P-20:0/18:2	Phosphatidylethanolamines	PE(P-38:2)	sum	PE(P-20:0/18:2);PE(P-38:2)
PE P-20:0/20:0	PE P-20:0/20:0	Phosphatidylethanolamines	PE(P-20:0/20:0)	species	PE(P-20:0/20:0);PE(P-40:0)
PE P-20:0/20:4	PE P-20:0/20:4	Phosphatidylethanolamines	PE(P-20:0/20:4)	species	PE(P-20:0/20:4);PE(P-40:4)
PE P-20:0/20:5	PE P-20:0/20:5	Phosphatidylethanolamines	PE(P-20:0/20:5)	species	PE(P-20:0/20:5);PE(P-40:5)
PG 14:0_16:0	PG 14:0_16:0	Phosphatidylglycerols	PG(30:0)	sum	PG(30:0);PG(14:0_16:0)
PG 15:0_18:1	PG 15:0_18:1	Phosphatidylglycerols	PG(33:1)	sum	PG(33:1);PG(15:0_18:1)
PG 16:0_16:0	PG 16:0_16:0	Phosphatidylglycerols	PG(32:0)	sum	PG(32:0);PG(16:0_16:0)
PG 16:0_16:1	PG 16:0_16:1	Phosphatidylglycerols	PG(32:1)	sum	PG(32:1);PG(16:0_16:1)
PG 16:0_18:1	PG 16:0_18:1	Phosphatidylglycerols	PG(34:1)	sum	PG(34:1);PG(16:0_18:1)
PG 16:0_18:2	PG 16:0_18:2	Phosphatidylglycerols	PG(34:2)	sum	PG(34:2);PG(16:0_18:2)
PG 16:0_18:3	PG 16:0_18:3	Phosphatidylglycerols	PG(34:3)	sum	PG(34:3);PG(16:0_18:3)
PG 16:0_19:1	PG 16:0_19:1	Phosphatidylglycerols	PG(35:1)	sum	PG(35:1);PG(16:0_19:1)
PG 16:0_20:3	PG 16:0_20:3	Phosphatidylglycerols	PG(36:3)	sum	PG(36:3);PG(16:0_20:3)
PG 16:0_20:4	PG 16:0_20:4	Phosphatidylglycerols	PG(36:4)	sum	PG(36:4);PG(16:0_20:4)
PG 16:0_20:5	PG 16:0_20:5	Phosphatidylglycerols	PG(36:5)	sum	PG(36:5);PG(16:0_20:5)
PG 16:0_22:1	PG 16:0_22:1	Phosphatidylglycerols	PG(38:1)	sum	PG(38:1);PG(16:0_22:1)
PG 16:0_22:2	PG 16:0_22:2	Phosphatidylglycerols	PG(38:2)	sum	PG(38:2);PG(16:0_22:2)
PG 16:1_16:1	PG 16:1_16:1	Phosphatidylglycerols	PG(32:2)	sum	PG(32:2);PG(16:1_16:1)
PG 16:1_18:0	PG 16:1_18:0	Phosphatidylglycerols	PG(34:1)	sum	PG(34:1);PG(16:1_18:0)
PG 16:1_18:1	PG 16:1_18:1	Phosphatidylglycerols	PG(34:2)	sum	PG(34:2);PG(16:1_18:1)
PG 16:1_18:2	PG 16:1_18:2	Phosphatidylglycerols	PG(34:3)	sum	PG(34:3);PG(16:1_18:2)
PG 16:1_20:4	PG 16:1_20:4	Phosphatidylglycerols	PG(36:5)	sum	PG(36:5);PG(16:1_20:4)
PG 16:1_22:1	PG 16:1_22:1	Phosphatidylglycerols	PG(38:2)	sum	PG(38:2);PG(16:1_22:1)
PG 16:2_18:1	PG 16:2_18:1	Phosphatidylglycerols	PG(34:3)	sum	PG(34:3);PG(16:2_18:1)
PG 16:2_18:2	PG 16:2_18:2	Phosphatidylglycerols	PG(34:4)	sum	PG(34:4);PG(16:2_18:2)
PG 16:3_18:1	PG 16:3_18:1	Phosphatidylglycerols	PG(34:4)	sum	PG(34:4);PG(16:3_18:1)
PG 17:0_18:1	PG 17:0_18:1	Phosphatidylglycerols	PG(35:1)	sum	PG(35:1);PG(17:0_18:1)
PG 17:0_18:2	PG 17:0_18:2	Phosphatidylglycerols	PG(35:2)	sum	PG(35:2);PG(17:0_18:2)
PG 17:1_18:1	PG 17:1_18:1	Phosphatidylglycerols	PG(35:2)	sum	PG(35:2);PG(17:1_18:1)
PG 18:0_18:1	PG 18:0_18:1	Phosphatidylglycerols	PG(36:1)	sum	PG(36:1);PG(18:0_18:1)
PG 18:0_18:2	PG 18:0_18:2	Phosphatidylglycerols	PG(36:2)	sum	PG(36:2);PG(18:0_18:2)
PG 18:0_18:3	PG 18:0_18:3	Phosphatidylglycerols	PG(36:3)	sum	PG(36:3);PG(18:0_18:3)
PG 18:0_22:1	PG 18:0_22:1	Phosphatidylglycerols	PG(40:1)	sum	PG(40:1);PG(18:0_22:1)
PG 18:1_18:1	PG 18:1_18:1	Phosphatidylglycerols	PG(36:2)	sum	PG(36:2);PG(18:1_18:1)
PG 18:1_18:2	PG 18:1_18:2	Phosphatidylglycerols	PG(36:3)	sum	PG(36:3);PG(18:1_18:2)
PG 18:1_18:3	PG 18:1_18:3	Phosphatidylglycerols	PG(36:4)	sum	PG(36:4);PG(18:1_18:3)
PG 18:1_20:0	PG 18:1_20:0	Phosphatidylglycerols	PG(38:1)	sum	PG(38:1);PG(18:1_20:0)
PG 18:1_20:1	PG 18:1_20:1	Phosphatidylglycerols	PG(38:2)	sum	PG(38:2);PG(18:1_20:1)
PG 18:1_20:2	PG 18:1_20:2	Phosphatidylglycerols	PG(38:3)	sum	PG(38:3);PG(18:1_20:2)
PG 18:1_20:3	PG 18:1_20:3	Phosphatidylglycerols	PG(38:4)	sum	PG(38:4);PG(18:1_20:3)
PG 18:1_20:4	PG 18:1_20:4	Phosphatidylglycerols	PG(38:5)	sum	PG(38:5);PG(18:1_20:4)
PG 18:1_20:5	PG 18:1_20:5	Phosphatidylglycerols	PG(38:6)	sum	PG(38:6);PG(18:1_20:5)
PG 18:1_22:0	PG 18:1_22:0	Phosphatidylglycerols	PG(40:1)	sum	PG(40:1);PG(18:1_22:0)
PG 18:1_22:1	PG 18:1_22:1	Phosphatidylglycerols	PG(40:2)	sum	PG(40:2);PG(18:1_22:1)
PG 18:1_22:2	PG 18:1_22:2	Phosphatidylglycerols	PG(40:3)	sum	PG(40:3);PG(18:1_22:2)
PG 18:1_22:3	PG 18:1_22:3	Phosphatidylglycerols	PG(40:4)	sum	PG(40:4);PG(18:1_22:3)
PG 18:1_22:4	PG 18:1_22:4	Phosphatidylglycerols	PG(40:5)	sum	PG(40:5);PG(18:1_22:4)
PG 18:1_22:5	PG 18:1_22:5	Phosphatidylglycerols	PG(40:6)	sum	PG(40:6);PG(18:1_22:5)
PG 18:2_18:2	PG 18:2_18:2	Phosphatidylglycerols	PG(36:4)	sum	PG(36:4);PG(18:2_18:2)
PG 18:2_18:3	PG 18:2_18:3	Phosphatidylglycerols	PG(36:5)	sum	PG(36:5);PG(18:2_18:3)
PG 18:2_18:4	PG 18:2_18:4	Phosphatidylglycerols	PG(36:6)	sum	PG(36:6);PG(18:2_18:4)
PG 18:2_20:0	PG 18:2_20:0	Phosphatidylglycerols	PG(38:2)	sum	PG(38:2);PG(18:2_20:0)
PG 18:2_20:2	PG 18:2_20:2	Phosphatidylglycerols	PG(38:4)	sum	PG(38:4);PG(18:2_20:2)
PG 18:2_20:3	PG 18:2_20:3	Phosphatidylglycerols	PG(38:5)	sum	PG(38:5);PG(18:2_20:3)
PG 18:2_20:4	PG 18:2_20:4	Phosphatidylglycerols	PG(38:6)	sum	PG(38:6);PG(18:2_20:4)
PG 18:2_20:5	PG 18:2_20:5	Phosphatidylglycerols	PG(38:7)	sum	PG(38:7);PG(18:2_20:5)
PG 18:2_22:0	PG 18:2_22:0	Phosphatidylglycerols	PG(40:2)	sum	PG(40:2);PG(18:2_22:0)
PG 18:2_22:1	PG 18:2_22:1	Phosphatidylglycerols	PG(40:3)	sum	PG(40:3);PG(18:2_22:1)
PG 18:2_22:3	PG 18:2_22:3	Phosphatidylglycerols	PG(40:5)	sum	PG(40:5);PG(18:2_22:3)
PG 18:2_22:4	PG 18:2_22:4	Phosphatidylglycerols	PG(40:6)	sum	PG(40:6);PG(18:2_22:4)
PG 20:3_20:4	PG 20:3_20:4	Phosphatidylglycerols	PG(40:7)	sum	PG(40:7);PG(20:3_20:4)
PG 20:4_20:4	PG 20:4_20:4	Phosphatidylglycerols	PG(40:8)	sum	PG(40:8);PG(20:4_20:4)
PG 20:4_22:1	PG 20:4_22:1	Phosphatidylglycerols	PG(42:5)	sum	PG(42:5);PG(20:4_22:1)
PG 20:4_22:3	PG 20:4_22:3	Phosphatidylglycerols	PG(42:7)	sum	PG(42:7);PG(20:4_22:3)
PG 20:4_22:4	PG 20:4_22:4	Phosphatidylglycerols	PG(42:8)	sum	PG(42:8);PG(20:4_22:4)
PG 22:4_22:6	PG 22:4_22:6	Phosphatidylglycerols	PG(44:10)	sum	PG(44:10);PG(22:4_22:6)
PG 22:5_22:6	PG 22:5_22:6	Phosphatidylglycerols	PG(44:11)	sum	PG(44:11);PG(22:5_22:6)
PG 22:6_22:6	PG 22:6_22:6	Phosphatidylglycerols	PG(44:12)	sum	PG(44:12);PG(22:6_22:6)
PI 14:0_18:1	PI 14:0_18:1	Phosphatidylinositols	PI(32:1)	sum	PI(32:1);PI(14:0_18:1)
PI 14:0_18:2	PI 14:0_18:2	Phosphatidylinositols	PI(32:2)	sum	PI(32:2);PI(14:0_18:2)
PI 15:0_16:0	PI 15:0_16:0	Phosphatidylinositols	PI(31:0)	sum	PI(31:0);PI(15:0_16:0)
PI 15:1_16:0	PI 15:1_16:0	Phosphatidylinositols	PI(31:1)	sum	PI(31:1);PI(15:1_16:0)
PI 16:0_16:0	PI 16:0_16:0	Phosphatidylinositols	PI(32:0)	sum	PI(32:0);PI(16:0_16:0)
PI 16:0_17:0	PI 16:0_17:0	Phosphatidylinositols	PI(33:0)	sum	PI(33:0);PI(16:0_17:0)
PI 16:0_17:1	PI 16:0_17:1	Phosphatidylinositols	PI(33:1)	sum	PI(33:1);PI(16:0_17:1)
PI 16:0_17:2	PI 16:0_17:2	Phosphatidylinositols	PI(33:2)	sum	PI(33:2);PI(16:0_17:2)
PI 16:0_18:1	PI 16:0_18:1	Phosphatidylinositols	PI(34:1)	sum	PI(34:1);PI(16:0_18:1)
PI 16:0_18:2	PI 16:0_18:2	Phosphatidylinositols	PI(34:2)	sum	PI(34:2);PI(16:0_18:2)
PI 16:0_18:3	PI 16:0_18:3	Phosphatidylinositols	PI(34:3)	sum	PI(34:3);PI(16:0_18:3)
PI 16:0_20:0	PI 16:0_20:0	Phosphatidylinositols	PI(36:0)	sum	PI(36:0);PI(16:0_20:0)
PI 16:0_20:3	PI 16:0_20:3	Phosphatidylinositols	PI(36:3)	sum	PI(36:3);PI(16:0_20:3)
PI 16:0_20:4	PI 16:0_20:4	Phosphatidylinositols	PI(36:4)	sum	PI(36:4);PI(16:0_20:4)
PI 16:0_22:1	PI 16:0_22:1	Phosphatidylinositols	PI(38:1)	sum	PI(38:1);PI(16:0_22:1)
PI 16:1_18:0	PI 16:1_18:0	Phosphatidylinositols	PI(34:1)	sum	PI(34:1);PI(16:1_18:0)
PI 16:1_18:1	PI 16:1_18:1	Phosphatidylinositols	PI(34:2)	sum	PI(34:2);PI(16:1_18:1)
PI 16:1_18:2	PI 16:1_18:2	Phosphatidylinositols	PI(34:3)	sum	PI(34:3);PI(16:1_18:2)
PI 17:0_18:1	PI 17:0_18:1	Phosphatidylinositols	PI(35:1)	sum	PI(35:1);PI(17:0_18:1)
PI 17:1_18:1	PI 17:1_18:1	Phosphatidylinositols	PI(35:2)	sum	PI(35:2);PI(17:1_18:1)
PI 17:1_18:2	PI 17:1_18:2	Phosphatidylinositols	PI(35:3)	sum	PI(35:3);PI(17:1_18:2)
PI 18:0_18:0	PI 18:0_18:0	Phosphatidylinositols	PI(36:0)	sum	PI(36:0);PI(18:0_18:0)
PI 18:0_18:1	PI 18:0_18:1	Phosphatidylinositols	PI(36:1)	sum	PI(36:1);PI(18:0_18:1)
PI 18:0_18:2	PI 18:0_18:2	Phosphatidylinositols	PI(36:2)	sum	PI(36:2);PI(18:0_18:2)
PI 18:0_18:3	PI 18:0_18:3	Phosphatidylinositols	PI(36:3)	sum	PI(36:3);PI(18:0_18:3)
PI 18:0_20:0	PI 18:0_20:0	Phosphatidylinositols	PI(38:0)	sum	PI(38:0);PI(18:0_20:0)
PI 18:0_20:3	PI 18:0_20:3	Phosphatidylinositols	PI(38:3)	sum	PI(38:3);PI(18:0_20:3)
PI 18:0_20:4	PI 18:0_20:4	Phosphatidylinositols	PI(38:4)	sum	PI(38:4);PI(18:0_20:4)
PI 18:0_22:0	PI 18:0_22:0	Phosphatidylinositols	PI(40:0)	sum	PI(40:0);PI(18:0_22:0)
PI 18:1_18:1	PI 18:1_18:1	Phosphatidylinositols	PI(36:2)	sum	PI(36:2);PI(18:1_18:1)
PI 18:1_18:2	PI 18:1_18:2	Phosphatidylinositols	PI(36:3)	sum	PI(36:3);PI(18:1_18:2)
PI 18:1_18:3	PI 18:1_18:3	Phosphatidylinositols	PI(36:4)	sum	PI(36:4);PI(18:1_18:3)
PI 18:1_20:0	PI 18:1_20:0	Phosphatidylinositols	PI(38:1)	sum	PI(38:1);PI(18:1_20:0)
PI 18:1_20:1	PI 18:1_20:1	Phosphatidylinositols	PI(38:2)	sum	PI(38:2);PI(18:1_20:1)
PI 18:1_20:2	PI 18:1_20:2	Phosphatidylinositols	PI(38:3)	sum	PI(38:3);PI(18:1_20:2)
PI 18:1_20:3	PI 18:1_20:3	Phosphatidylinositols	PI(38:4)	sum	PI(38:4);PI(18:1_20:3)
PI 18:1_20:4	PI 18:1_20:4	Phosphatidylinositols	PI(38:5)	sum	PI(38:5);PI(18:1_20:4)
PI 18:1_20:5	PI 18:1_20:5	Phosphatidylinositols	PI(38:6)	sum	PI(38:6);PI(18:1_20:5)
PI 18:1_22:0	PI 18:1_22:0	Phosphatidylinositols	PI(40:1)	sum	PI(40:1);PI(18:1_22:0)
PI 18:1_22:1	PI 18:1_22:1	Phosphatidylinositols	PI(40:2)	sum	PI(40:2);PI(18:1_22:1)
PI 18:1_22:2	PI 18:1_22:2	Phosphatidylinositols	PI(40:3)	sum	PI(40:3);PI(18:1_22:2)
PI 18:1_22:3	PI 18:1_22:3	Phosphatidylinositols	PI(40:4)	sum	PI(40:4);PI(18:1_22:3)
PI 18:1_22:4	PI 18:1_22:4	Phosphatidylinositols	PI(40:5)	sum	PI(40:5);PI(18:1_22:4)
PI 18:1_22:5	PI 18:1_22:5	Phosphatidylinositols	PI(40:6)	sum	PI(40:6);PI(18:1_22:5)
PI 18:1_22:6	PI 18:1_22:6	Phosphatidylinositols	PI(40:7)	sum	PI(40:7);PI(18:1_22:6)
PI 18:2_18:3	PI 18:2_18:3	Phosphatidylinositols	PI(36:5)	sum	PI(36:5);PI(18:2_18:3)
PI 18:2_20:0	PI 18:2_20:0	Phosphatidylinositols	PI(38:2)	sum	PI(38:2);PI(18:2_20:0)
PI 18:2_20:1	PI 18:2_20:1	Phosphatidylinositols	PI(38:3)	sum	PI(38:3);PI(18:2_20:1)
PI 18:2_20:4	PI 18:2_20:4	Phosphatidylinositols	PI(38:6)	sum	PI(38:6);PI(18:2_20:4)
PI 18:2_20:5	PI 18:2_20:5	Phosphatidylinositols	PI(38:7)	sum	PI(38:7);PI(18:2_20:5)
PI 18:2_22:0	PI 18:2_22:0	Phosphatidylinositols	PI(40:2)	sum	PI(40:2);PI(18:2_22:0)
PI 18:2_22:1	PI 18:2_22:1	Phosphatidylinositols	PI(40:3)	sum	PI(40:3);PI(18:2_22:1)
PI 18:2_22:6	PI 18:2_22:6	Phosphatidylinositols	PI(40:8)	sum	PI(40:8);PI(18:2_22:6)
PS 30:0	PS 30:0	Phosphatidylserines	PS(30:0)	sum	PS(30:0);PS(30:0)
PS 32:0	PS 32:0	Phosphatidylserines	PS(32:0)	sum	PS(32:0);PS(32:0)
PS 34:1	PS 34:1	Phosphatidylserines	PS(34:1)	sum	PS(34:1);PS(34:1)
PS 34:2	PS 34:2	Phosphatidylserines	PS(34:2)	sum	PS(34:2);PS(34:2)
PS 36:1	PS 36:1	Phosphatidylserines	PS(36:1)	sum	PS(36:1);PS(36:1)
PS 36:2	PS 36:2	Phosphatidylserines	PS(36:2)	sum	PS(36:2);PS(36:2)
PS 36:3	PS 36:3	Phosphatidylserines	PS(36:3)	sum	PS(36:3);PS(36:3)
PS 36:4	PS 36:4	Phosphatidylserines	PS(36:4)	sum	PS(36:4);PS(36:4)
PS 36:5	PS 36:5	Phosphatidylserines	PS(36:5)	sum	PS(36:5);PS(36:5)
PS 38:4	PS 38:4	Phosphatidylserines	PS(38:4)	sum	PS(38:4);PS(38:4)
PS 38:5	PS 38:5	Phosphatidylserines	PS(38:5)	sum	PS(38:5);PS(38:5)
PS 38:6	PS 38:6	Phosphatidylserines	PS(38:6)	sum	PS(38:6);PS(38:6)
PS 38:7	PS 38:7	Phosphatidylserines	PS(38:7)	sum	PS(38:7);PS(38:7)
PS 40:4	PS 40:4	Phosphatidylserines	PS(40:4)	sum	PS(40:4);PS(40:4)
PS 40:5	PS 40:5	Phosphatidylserines	PS(40:5)	sum	PS(40:5);PS(40:5)
PS 40:6	PS 40:6	Phosphatidylserines	PS(40:6)	sum	PS(40:6);PS(40:6)
PS 40:7	PS 40:7	Phosphatidylserines	PS(40:7)	sum	PS(40:7);PS(40:7)
PS 40:8	PS 40:8	Phosphatidylserines	PS(40:8)	sum	PS(40:8);PS(40:8)
SPB d14:0	SPB d14:0	Sphinganines and sphingosines	<unmatched>	-	
SPB d14:1	SPB d14:1	Sphinganines and sphingosines	<unmatched>	-	
SPB d16:0	SPB d16:0	Sphinganines and sphingosines	<unmatched>	-	
SPB d16:1	SPB d16:1	Sphinganines and sphingosines	<unmatched>	-	
SPB d17:0	SPB d17:0	Sphinganines and sphingosines	<unmatched>	-	
SPB d17:1	SPB d17:1	Sphinganines and sphingosines	<unmatched>	-	
SPB d18:0	SPB d18:0	Sphinganines and sphingosines	<unmatched>	-	
SPB d18:1	SPB d18:1	Sphinganines and sphingosines	<unmatched>	-	
SPBP d14:0	SPBP d14:0	Sphinganine and sphingosine phosphates	<unmatched>	-	
SPBP d14:1	SPBP d14:1	Sphinganine and sphingosine phosphates	<unmatched>	-	
SPBP d16:0	SPBP d16:0	Sphinganine and sphingosine phosphates	<unmatched>	-	
SPBP d16:1	SPBP d16:1	Sphinganine and sphingosine phosphates	<unmatched>	-	
SPBP d17:0	SPBP d17:0	Sphinganine and sphingosine phosphates	<unmatched>	-	
SPBP d17:1	SPBP d17:1	Sphinganine and sphingosine phosphates	<unmatched>	-	
SPBP d18:0	SPBP d18:0	Sphinganine and sphingosine phosphates	<unmatched>	-	
SPBP d18:1	SPBP d18:1	Sphinganine and sphingosine phosphates	<unmatched>	-	
SM 33:1	SM 33:1	Sphingomyelins	SM(33:1)	sum	SM(33:1);SM(33:1)
SM 34:1	SM 34:1	Sphingomyelins	SM(34:1)	sum	SM(34:1);SM(34:1)
SM 34:2	SM 34:2	Sphingomyelins	SM(34:2)	sum	SM(34:2);SM(34:2)
SM 35:1	SM 35:1	Sphingomyelins	SM(35:1)	sum	SM(35:1);SM(35:1)
SM 36:1	SM 36:1	Sphingomyelins	SM(36:1)	sum	SM(36:1);SM(36:1)
SM 36:2	SM 36:2	Sphingomyelins	SM(36:2)	sum	SM(36:2);SM(36:2)
SM 38:3	SM 38:3	Sphingomyelins	SM(38:3)	sum	SM(38:3);SM(38:3)
SM 41:1	SM 41:1	Sphingomyelins	SM(41:1)	sum	SM(41:1);SM(41:1)
SM 41:2	SM 41:2	Sphingomyelins	SM(41:2)	sum	SM(41:2);SM(41:2)
SM 42:1	SM 42:1	Sphingomyelins	SM(42:1)	sum	SM(42:1);SM(42:1)
SM 42:2	SM 42:2	Sphingomyelins	SM(42:2)	sum	SM(42:2);SM(42:2)
SM 43:1	SM 43:1	Sphingomyelins	SM(43:1)	sum	SM(43:1);SM(43:1)
SM 44:1	SM 44:1	Sphingomyelins	SM(44:1)	sum	SM(44:1);SM(44:1)
SM 44:2	SM 44:2	Sphingomyelins	SM(44:2)	sum	SM(44:2);SM(44:2)
TG 14:0_32:2	TG 14:0_32:2	Triglycerides	TG(46:2)	sum	TG(46:2);TG(14:0_32:2)
TG 16:0_34:1	TG 16:0_34:1	Triglycerides	TG(50:1)	sum	TG(50:1);TG(16:0_34:1)
TG 16:1_32:0	TG 16:1_32:0	Triglycerides	TG(48:1)	sum	TG(48:1);TG(16:1_32:0)
TG 17:1_34:3	TG 17:1_34:3	Triglycerides	TG(51:4)	sum	TG(51:4);TG(17:1_34:3)
TG 14:0_34:0	TG 14:0_34:0	Triglycerides	TG(48:0)	sum	TG(48:0);TG(14:0_34:0)
TG 16:0_34:2	TG 16:0_34:2	Triglycerides	TG(50:2)	sum	TG(50:2);TG(16:0_34:2)
TG 16:1_32:1	TG 16:1_32:1	Triglycerides	TG(48:2)	sum	TG(48:2);TG(16:1_32:1)
TG 17:1_36:3	TG 17:1_36:3	Triglycerides	TG(53:4)	sum	TG(53:4);TG(17:1_36:3)
TG 14:0_34:1	TG 14:0_34:1	Triglycerides	TG(48:1)	sum	TG(48:1);TG(14:0_34:1)
TG 16:0_34:3	TG 16:0_34:3	Triglycerides	TG(50:3)	sum	TG(50:3);TG(16:0_34:3)
TG 16:1_32:2	TG 16:1_32:2	Triglycerides	TG(48:3)	sum	TG(48:3);TG(16:1_32:2)
TG 17:1_36:4	TG 17:1_36:4	Triglycerides	TG(53:5)	sum	TG(53:5);TG(17:1_36:4)
TG 14:0_34:2	TG 14:0_34:2	Triglycerides	TG(48:2)	sum	TG(48:2);TG(14:0_34:2)
TG 16:0_34:4	TG 16:0_34:4	Triglycerides	TG(50:4)	sum	TG(50:4);TG(16:0_34:4)
TG 16:1_33:1	TG 16:1_33:1	Triglycerides	TG(49:2)	sum	TG(49:2);TG(16:1_33:1)
TG 17:1_36:5	TG 17:1_36:5	Triglycerides	TG(53:6)	sum	TG(53:6);TG(17:1_36:5)
TG 14:0_34:3	TG 14:0_34:3	Triglycerides	TG(48:3)	sum	TG(48:3);TG(14:0_34:3)
TG 16:0_35:1	TG 16:0_35:1	Triglycerides	TG(51:1)	sum	TG(51:1);TG(16:0_35:1)
TG 16:1_34:0	TG 16:1_34:0	Triglycerides	TG(50:1)	sum	TG(50:1);TG(16:1_34:0)
TG 17:1_38:5	TG 17:1_38:5	Triglycerides	TG(55:6)	sum	TG(55:6);TG(17:1_38:5)
TG 14:0_35:1	TG 14:0_35:1	Triglycerides	TG(49:1)	sum	TG(49:1);TG(14:0_35:1)
TG 16:0_35:2	TG 16:0_35:2	Triglycerides	TG(51:2)	sum	TG(51:2);TG(16:0_35:2)
TG 16:1_34:1	TG 16:1_34:1	Triglycerides	TG(50:2)	sum	TG(50:2);TG(16:1_34:1)
TG 17:1_38:6	TG 17:1_38:6	Triglycerides	TG(55:7)	sum	TG(55:7);TG(17:1_38:6)
TG 14:0_35:2	TG 14:0_35:2	Triglycerides	TG(49:2)	sum	TG(49:2);TG(14:0_35:2)
TG 16:0_35:3	TG 16:0_35:3	Triglycerides	TG(51:3)	sum	TG(51:3);TG(16:0_35:3)
TG 16:1_34:2	TG 16:1_34:2	Triglycerides	TG(50:3)	sum	TG(50:3);TG(16:1_34:2)
TG 17:1_38:7	TG 17:1_38:7	Triglycerides	TG(55:8)	sum	TG(55:8);TG(17:1_38:7)
TG 14:0_36:1	TG 14:0_36:1	Triglycerides	TG(50:1)	sum	TG(50:1);TG(14:0_36:1)
TG 16:0_36:2	TG 16:0_36:2	Triglycerides	TG(52:2)	sum	TG(52:2);TG(16:0_36:2)
TG 16:1_34:3	TG 16:1_34:3	Triglycerides	TG(50:4)	sum	TG(50:4);TG(16:1_34:3)
TG 17:2_34:2	TG 17:2_34:2	Triglycerides	TG(51:4)	sum	TG(51:4);TG(17:2_34:2)
TG 14:0_36:2	TG 14:0_36:2	Triglycerides	TG(50:2)	sum	TG(50:2);TG(14:0_36:2)
TG 16:0_36:3	TG 16:0_36:3	Triglycerides	TG(52:3)	sum	TG(52:3);TG(16:0_36:3)
TG 16:1_36:1	TG 16:1_36:1	Triglycerides	TG(52:2)	sum	TG(52:2);TG(16:1_36:1)
TG 17:2_34:3	TG 17:2_34:3	Triglycerides	TG(51:5)	sum	TG(51:5);TG(17:2_34:3)
TG 14:0_36:3	TG 14:0_36:3	Triglycerides	TG(50:3)	sum	TG(50:3);TG(14:0_36:3)
TG 16:0_36:4	TG 16:0_36:4	Triglycerides	TG(52:4)	sum	TG(52:4);TG(16:0_36:4)
TG 16:1_36:2	TG 16:1_36:2	Triglycerides	TG(52:3)	sum	TG(52:3);TG(16:1_36:2)
TG 17:2_36:2	TG 17:2_36:2	Triglycerides	TG(53:4)	sum	TG(53:4);TG(17:2_36:2)
TG 14:0_36:4	TG 14:0_36:4	Triglycerides	TG(50:4)	sum	TG(50:4);TG(14:0_36:4)
TG 16:0_36:5	TG 16:0_36:5	Triglycerides	TG(52:5)	sum	TG(52:5);TG(16:0_36:5)
TG 16:1_36:3	TG 16:1_36:3	Triglycerides	TG(52:4)	sum	TG(52:4);TG(16:1_36:3)
TG 17:2_36:3	TG 17:2_36:3	Triglycerides	TG(53:5)	sum	TG(53:5);TG(17:2_36:3)
TG 14:0_38:4	TG 14:0_38:4	Triglycerides	TG(52:4)	sum	TG(52:4);TG(14:0_38:4)
TG 16:0_36:6	TG 16:0_36:6	Triglycerides	TG(52:6)	sum	TG(52:6);TG(16:0_36:6)
TG 16:1_36:4	TG 16:1_36:4	Triglycerides	TG(52:5)	sum	TG(52:5);TG(16:1_36:4)
TG 17:2_36:4	TG 17:2_36:4	Triglycerides	TG(53:6)	sum	TG(53:6);TG(17:2_36:4)
TG 14:0_38:5	TG 14:0_38:5	Triglycerides	TG(52:5)	sum	TG(52:5);TG(14:0_38:5)
TG 16:0_37:3	TG 16:0_37:3	Triglycerides	TG(53:3)	sum	TG(53:3);TG(16:0_37:3)
TG 16:1_36:5	TG 16:1_36:5	Triglycerides	TG(52:6)	sum	TG(52:6);TG(16:1_36:5)
TG 17:2_38:5	TG 17:2_38:5	Triglycerides	TG(55:7)	sum	TG(55:7);TG(17:2_38:5)
TG 14:0_39:3	TG 14:0_39:3	Triglycerides	TG(53:3)	sum	TG(53:3);TG(14:0_39:3)
TG 16:0_38:1	TG 16:0_38:1	Triglycerides	TG(54:1)	sum	TG(54:1);TG(16:0_38:1)
TG 16:1_38:3	TG 16:1_38:3	Triglycerides	TG(54:4)	sum	TG(54:4);TG(16:1_38:3)
TG 17:2_38:6	TG 17:2_38:6	Triglycerides	TG(55:8)	sum	TG(55:8);TG(17:2_38:6)
TG 14:0_40:5	TG 14:0_40:5	Triglycerides	TG(54:5)	sum	TG(54:5);TG(14:0_40:5)
TG 16:0_38:2	TG 16:0_38:2	Triglycerides	TG(54:2)	sum	TG(54:2);TG(16:0_38:2)
TG 16:1_38:4	TG 16:1_38:4	Triglycerides	TG(54:5)	sum	TG(54:5);TG(16:1_38:4)
TG 17:2_38:7	TG 17:2_38:7	Triglycerides	TG(55:9)	sum	TG(55:9);TG(17:2_38:7)
TG 16:0_28:1	TG 16:0_28:1	Triglycerides	TG(44:1)	sum	TG(44:1);TG(16:0_28:1)
TG 16:0_38:3	TG 16:0_38:3	Triglycerides	TG(54:3)	sum	TG(54:3);TG(16:0_38:3)
TG 16:1_38:5	TG 16:1_38:5	Triglycerides	TG(54:6)	sum	TG(54:6);TG(16:1_38:5)
TG 18:0_30:0	TG 18:0_30:0	Triglycerides	TG(48:0)	sum	TG(48:0);TG(18:0_30:0)
TG 16:0_28:2	TG 16:0_28:2	Triglycerides	TG(44:2)	sum	TG(44:2);TG(16:0_28:2)
TG 16:0_38:4	TG 16:0_38:4	Triglycerides	TG(54:4)	sum	TG(54:4);TG(16:0_38:4)
TG 17:0_32:1	TG 17:0_32:1	Triglycerides	TG(49:1)	sum	TG(49:1);TG(17:0_32:1)
TG 18:0_30:1	TG 18:0_30:1	Triglycerides	TG(48:1)	sum	TG(48:1);TG(18:0_30:1)
TG 16:0_30:2	TG 16:0_30:2	Triglycerides	TG(46:2)	sum	TG(46:2);TG(16:0_30:2)
TG 16:0_38:5	TG 16:0_38:5	Triglycerides	TG(54:5)	sum	TG(54:5);TG(16:0_38:5)
TG 17:0_34:1	TG 17:0_34:1	Triglycerides	TG(51:1)	sum	TG(51:1);TG(17:0_34:1)
TG 18:0_32:0	TG 18:0_32:0	Triglycerides	TG(50:0)	sum	TG(50:0);TG(18:0_32:0)
TG 16:0_32:0	TG 16:0_32:0	Triglycerides	TG(48:0)	sum	TG(48:0);TG(16:0_32:0)
TG 16:0_38:6	TG 16:0_38:6	Triglycerides	TG(54:6)	sum	TG(54:6);TG(16:0_38:6)
TG 17:0_34:3	TG 17:0_34:3	Triglycerides	TG(51:3)	sum	TG(51:3);TG(17:0_34:3)
TG 18:0_34:2	TG 18:0_34:2	Triglycerides	TG(52:2)	sum	TG(52:2);TG(18:0_34:2)
TG 16:0_32:1	TG 16:0_32:1	Triglycerides	TG(48:1)	sum	TG(48:1);TG(16:0_32:1)
TG 16:0_38:7	TG 16:0_38:7	Triglycerides	TG(54:7)	sum	TG(54:7);TG(16:0_38:7)
TG 17:0_36:3	TG 17:0_36:3	Triglycerides	TG(53:3)	sum	TG(53:3);TG(17:0_36:3)
TG 18:0_34:3	TG 18:0_34:3	Triglycerides	TG(52:3)	sum	TG(52:3);TG(18:0_34:3)
TG 16:0_32:2	TG 16:0_32:2	Triglycerides	TG(48:2)	sum	TG(48:2);TG(16:0_32:2)
TG 16:0_40:6	TG 16:0_40:6	Triglycerides	TG(56:6)	sum	TG(56:6);TG(16:0_40:6)
TG 17:0_36:4	TG 17:0_36:4	Triglycerides	TG(53:4)	sum	TG(53:4);TG(17:0_36:4)
TG 18:0_36:1	TG 18:0_36:1	Triglycerides	TG(54:1)	sum	TG(54:1);TG(18:0_36:1)
TG 16:0_32:3	TG 16:0_32:3	Triglycerides	TG(48:3)	sum	TG(48:3);TG(16:0_32:3)
TG 16:0_40:7	TG 16:0_40:7	Triglycerides	TG(56:7)	sum	TG(56:7);TG(16:0_40:7)
TG 17:1_32:1	TG 17:1_32:1	Triglycerides	TG(49:2)	sum	TG(49:2);TG(17:1_32:1)
TG 18:0_36:2	TG 18:0_36:2	Triglycerides	TG(54:2)	sum	TG(54:2);TG(18:0_36:2)
TG 16:0_33:1	TG 16:0_33:1	Triglycerides	TG(49:1)	sum	TG(49:1);TG(16:0_33:1)
TG 16:0_40:8	TG 16:0_40:8	Triglycerides	TG(56:8)	sum	TG(56:8);TG(16:0_40:8)
TG 17:1_34:1	TG 17:1_34:1	Triglycerides	TG(51:2)	sum	TG(51:2);TG(17:1_34:1)
TG 18:0_36:3	TG 18:0_36:3	Triglycerides	TG(54:3)	sum	TG(54:3);TG(18:0_36:3)
TG 16:0_33:2	TG 16:0_33:2	Triglycerides	TG(49:2)	sum	TG(49:2);TG(16:0_33:2)
TG 16:1_28:0	TG 16:1_28:0	Triglycerides	TG(44:1)	sum	TG(44:1);TG(16:1_28:0)
TG 17:1_34:2	TG 17:1_34:2	Triglycerides	TG(51:3)	sum	TG(51:3);TG(17:1_34:2)
TG 20:4_30:0	TG 20:4_30:0	Triglycerides	TG(50:4)	sum	TG(50:4);TG(20:4_30:0)
TG 16:0_34:0	TG 16:0_34:0	Triglycerides	TG(50:0)	sum	TG(50:0);TG(16:0_34:0)
TG 16:1_30:1	TG 16:1_30:1	Triglycerides	TG(46:2)	sum	TG(46:2);TG(16:1_30:1)
TG 18:3_36:3	TG 18:3_36:3	Triglycerides	TG(54:6)	sum	TG(54:6);TG(18:3_36:3)
TG 20:4_32:0	TG 20:4_32:0	Triglycerides	TG(52:4)	sum	TG(52:4);TG(20:4_32:0)
TG 18:0_36:4	TG 18:0_36:4	Triglycerides	TG(54:4)	sum	TG(54:4);TG(18:0_36:4)
TG 18:2_30:1	TG 18:2_30:1	Triglycerides	TG(48:3)	sum	TG(48:3);TG(18:2_30:1)
TG 18:3_36:4	TG 18:3_36:4	Triglycerides	TG(54:7)	sum	TG(54:7);TG(18:3_36:4)
TG 20:4_32:1	TG 20:4_32:1	Triglycerides	TG(52:5)	sum	TG(52:5);TG(20:4_32:1)
TG 18:0_36:5	TG 18:0_36:5	Triglycerides	TG(54:5)	sum	TG(54:5);TG(18:0_36:5)
TG 18:2_31:0	TG 18:2_31:0	Triglycerides	TG(49:2)	sum	TG(49:2);TG(18:2_31:0)
TG 18:3_38:5	TG 18:3_38:5	Triglycerides	TG(56:8)	sum	TG(56:8);TG(18:3_38:5)
TG 20:4_32:2	TG 20:4_32:2	Triglycerides	TG(52:6)	sum	TG(52:6);TG(20:4_32:2)
TG 18:0_38:6	TG 18:0_38:6	Triglycerides	TG(56:6)	sum	TG(56:6);TG(18:0_38:6)
TG 18:2_32:0	TG 18:2_32:0	Triglycerides	TG(50:2)	sum	TG(50:2);TG(18:2_32:0)
TG 18:3_38:6	TG 18:3_38:6	Triglycerides	TG(56:9)	sum	TG(56:9);TG(18:3_38:6)
TG 20:4_33:2	TG 20:4_33:2	Triglycerides	TG(53:6)	sum	TG(53:6);TG(20:4_33:2)
TG 18:0_38:7	TG 18:0_38:7	Triglycerides	TG(56:7)	sum	TG(56:7);TG(18:0_38:7)
TG 18:2_32:1	TG 18:2_32:1	Triglycerides	TG(50:3)	sum	TG(50:3);TG(18:2_32:1)
TG 20:0_32:3	TG 20:0_32:3	Triglycerides	TG(52:3)	sum	TG(52:3);TG(20:0_32:3)
TG 20:4_34:0	TG 20:4_34:0	Triglycerides	TG(54:4)	sum	TG(54:4);TG(20:4_34:0)
TG 18:1_26:0	TG 18:1_26:0	Triglycerides	TG(44:1)	sum	TG(44:1);TG(18:1_26:0)
TG 18:2_32:2	TG 18:2_32:2	Triglycerides	TG(50:4)	sum	TG(50:4);TG(18:2_32:2)
TG 20:0_32:4	TG 20:0_32:4	Triglycerides	TG(52:4)	sum	TG(52:4);TG(20:0_32:4)
TG 20:4_34:1	TG 20:4_34:1	Triglycerides	TG(54:5)	sum	TG(54:5);TG(20:4_34:1)
TG 18:1_28:1	TG 18:1_28:1	Triglycerides	TG(46:2)	sum	TG(46:2);TG(18:1_28:1)
TG 18:2_33:0	TG 18:2_33:0	Triglycerides	TG(51:2)	sum	TG(51:2);TG(18:2_33:0)
TG 20:0_34:1	TG 20:0_34:1	Triglycerides	TG(54:1)	sum	TG(54:1);TG(20:0_34:1)
TG 20:4_34:2	TG 20:4_34:2	Triglycerides	TG(54:6)	sum	TG(54:6);TG(20:4_34:2)
TG 18:1_30:0	TG 18:1_30:0	Triglycerides	TG(48:1)	sum	TG(48:1);TG(18:1_30:0)
TG 18:2_33:1	TG 18:2_33:1	Triglycerides	TG(51:3)	sum	TG(51:3);TG(18:2_33:1)
TG 20:1_26:1	TG 20:1_26:1	Triglycerides	TG(46:2)	sum	TG(46:2);TG(20:1_26:1)
TG 20:4_34:3	TG 20:4_34:3	Triglycerides	TG(54:7)	sum	TG(54:7);TG(20:4_34:3)
TG 18:1_30:1	TG 18:1_30:1	Triglycerides	TG(48:2)	sum	TG(48:2);TG(18:1_30:1)
TG 18:2_33:2	TG 18:2_33:2	Triglycerides	TG(51:4)	sum	TG(51:4);TG(18:2_33:2)
TG 20:1_30:1	TG 20:1_30:1	Triglycerides	TG(50:2)	sum	TG(50:2);TG(20:1_30:1)
TG 20:4_35:3	TG 20:4_35:3	Triglycerides	TG(55:7)	sum	TG(55:7);TG(20:4_35:3)
TG 18:1_30:2	TG 18:1_30:2	Triglycerides	TG(48:3)	sum	TG(48:3);TG(18:1_30:2)
TG 18:2_34:1	TG 18:2_34:1	Triglycerides	TG(52:3)	sum	TG(52:3);TG(18:2_34:1)
TG 20:1_31:0	TG 20:1_31:0	Triglycerides	TG(51:1)	sum	TG(51:1);TG(20:1_31:0)
TG 20:4_36:2	TG 20:4_36:2	Triglycerides	TG(56:6)	sum	TG(56:6);TG(20:4_36:2)
TG 18:1_31:0	TG 18:1_31:0	Triglycerides	TG(49:1)	sum	TG(49:1);TG(18:1_31:0)
TG 18:2_34:2	TG 18:2_34:2	Triglycerides	TG(52:4)	sum	TG(52:4);TG(18:2_34:2)
TG 20:1_32:0	TG 20:1_32:0	Triglycerides	TG(52:1)	sum	TG(52:1);TG(20:1_32:0)
TG 20:4_36:3	TG 20:4_36:3	Triglycerides	TG(56:7)	sum	TG(56:7);TG(20:4_36:3)
TG 18:1_32:0	TG 18:1_32:0	Triglycerides	TG(50:1)	sum	TG(50:1);TG(18:1_32:0)
TG 18:2_34:3	TG 18:2_34:3	Triglycerides	TG(52:5)	sum	TG(52:5);TG(18:2_34:3)
TG 20:1_32:1	TG 20:1_32:1	Triglycerides	TG(52:2)	sum	TG(52:2);TG(20:1_32:1)
TG 20:4_36:4	TG 20:4_36:4	Triglycerides	TG(56:8)	sum	TG(56:8);TG(20:4_36:4)
TG 18:1_32:1	TG 18:1_32:1	Triglycerides	TG(50:2)	sum	TG(50:2);TG(18:1_32:1)
TG 18:2_34:4	TG 18:2_34:4	Triglycerides	TG(52:6)	sum	TG(52:6);TG(18:2_34:4)
TG 20:1_32:2	TG 20:1_32:2	Triglycerides	TG(52:3)	sum	TG(52:3);TG(20:1_32:2)
TG 20:4_36:5	TG 20:4_36:5	Triglycerides	TG(56:9)	sum	TG(56:9);TG(20:4_36:5)
TG 18:1_32:2	TG 18:1_32:2	Triglycerides	TG(50:3)	sum	TG(50:3);TG(18:1_32:2)
TG 18:2_35:1	TG 18:2_35:1	Triglycerides	TG(53:3)	sum	TG(53:3);TG(18:2_35:1)
TG 20:1_32:3	TG 20:1_32:3	Triglycerides	TG(52:4)	sum	TG(52:4);TG(20:1_32:3)
TG 20:5_34:0	TG 20:5_34:0	Triglycerides	TG(54:5)	sum	TG(54:5);TG(20:5_34:0)
TG 18:1_32:3	TG 18:1_32:3	Triglycerides	TG(50:4)	sum	TG(50:4);TG(18:1_32:3)
TG 18:2_35:2	TG 18:2_35:2	Triglycerides	TG(53:4)	sum	TG(53:4);TG(18:2_35:2)
TG 20:1_34:0	TG 20:1_34:0	Triglycerides	TG(54:1)	sum	TG(54:1);TG(20:1_34:0)
TG 20:5_34:1	TG 20:5_34:1	Triglycerides	TG(54:6)	sum	TG(54:6);TG(20:5_34:1)
TG 18:1_33:0	TG 18:1_33:0	Triglycerides	TG(51:1)	sum	TG(51:1);TG(18:1_33:0)
TG 18:2_35:3	TG 18:2_35:3	Triglycerides	TG(53:5)	sum	TG(53:5);TG(18:2_35:3)
TG 20:1_34:1	TG 20:1_34:1	Triglycerides	TG(54:2)	sum	TG(54:2);TG(20:1_34:1)
TG 20:5_34:2	TG 20:5_34:2	Triglycerides	TG(54:7)	sum	TG(54:7);TG(20:5_34:2)
TG 18:1_33:1	TG 18:1_33:1	Triglycerides	TG(51:2)	sum	TG(51:2);TG(18:1_33:1)
TG 18:2_36:0	TG 18:2_36:0	Triglycerides	TG(54:2)	sum	TG(54:2);TG(18:2_36:0)
TG 20:1_34:2	TG 20:1_34:2	Triglycerides	TG(54:3)	sum	TG(54:3);TG(20:1_34:2)
TG 20:5_36:2	TG 20:5_36:2	Triglycerides	TG(56:7)	sum	TG(56:7);TG(20:5_36:2)
TG 18:1_33:2	TG 18:1_33:2	Triglycerides	TG(51:3)	sum	TG(51:3);TG(18:1_33:2)
TG 18:2_36:1	TG 18:2_36:1	Triglycerides	TG(54:3)	sum	TG(54:3);TG(18:2_36:1)
TG 20:1_34:3	TG 20:1_34:3	Triglycerides	TG(54:4)	sum	TG(54:4);TG(20:1_34:3)
TG 20:5_36:3	TG 20:5_36:3	Triglycerides	TG(56:8)	sum	TG(56:8);TG(20:5_36:3)
TG 18:1_33:3	TG 18:1_33:3	Triglycerides	TG(51:4)	sum	TG(51:4);TG(18:1_33:3)
TG 18:2_36:2	TG 18:2_36:2	Triglycerides	TG(54:4)	sum	TG(54:4);TG(18:2_36:2)
TG 20:2_32:0	TG 20:2_32:0	Triglycerides	TG(52:2)	sum	TG(52:2);TG(20:2_32:0)
TG 22:0_32:4	TG 22:0_32:4	Triglycerides	TG(54:4)	sum	TG(54:4);TG(22:0_32:4)
TG 18:1_34:1	TG 18:1_34:1	Triglycerides	TG(52:2)	sum	TG(52:2);TG(18:1_34:1)
TG 18:2_36:3	TG 18:2_36:3	Triglycerides	TG(54:5)	sum	TG(54:5);TG(18:2_36:3)
TG 20:2_32:1	TG 20:2_32:1	Triglycerides	TG(52:3)	sum	TG(52:3);TG(20:2_32:1)
TG 22:1_32:5	TG 22:1_32:5	Triglycerides	TG(54:6)	sum	TG(54:6);TG(22:1_32:5)
TG 18:1_34:2	TG 18:1_34:2	Triglycerides	TG(52:3)	sum	TG(52:3);TG(18:1_34:2)
TG 18:2_36:4	TG 18:2_36:4	Triglycerides	TG(54:6)	sum	TG(54:6);TG(18:2_36:4)
TG 20:2_34:1	TG 20:2_34:1	Triglycerides	TG(54:3)	sum	TG(54:3);TG(20:2_34:1)
TG 22:2_32:4	TG 22:2_32:4	Triglycerides	TG(54:6)	sum	TG(54:6);TG(22:2_32:4)
TG 18:1_34:3	TG 18:1_34:3	Triglycerides	TG(52:4)	sum	TG(52:4);TG(18:1_34:3)
TG 18:2_36:5	TG 18:2_36:5	Triglycerides	TG(54:7)	sum	TG(54:7);TG(18:2_36:5)
TG 20:2_34:2	TG 20:2_34:2	Triglycerides	TG(54:4)	sum	TG(54:4);TG(20:2_34:2)
TG 22:3_30:2	TG 22:3_30:2	Triglycerides	TG(52:5)	sum	TG(52:5);TG(22:3_30:2)
TG 18:1_34:4	TG 18:1_34:4	Triglycerides	TG(52:5)	sum	TG(52:5);TG(18:1_34:4)
TG 18:2_38:4	TG 18:2_38:4	Triglycerides	TG(56:6)	sum	TG(56:6);TG(18:2_38:4)
TG 20:2_34:3	TG 20:2_34:3	Triglycerides	TG(54:5)	sum	TG(54:5);TG(20:2_34:3)
TG 22:4_32:0	TG 22:4_32:0	Triglycerides	TG(54:4)	sum	TG(54:4);TG(22:4_32:0)
TG 18:1_35:2	TG 18:1_35:2	Triglycerides	TG(53:3)	sum	TG(53:3);TG(18:1_35:2)
TG 18:2_38:5	TG 18:2_38:5	Triglycerides	TG(56:7)	sum	TG(56:7);TG(18:2_38:5)
TG 20:2_34:4	TG 20:2_34:4	Triglycerides	TG(54:6)	sum	TG(54:6);TG(20:2_34:4)
TG 22:4_32:2	TG 22:4_32:2	Triglycerides	TG(54:6)	sum	TG(54:6);TG(22:4_32:2)
TG 18:1_35:3	TG 18:1_35:3	Triglycerides	TG(53:4)	sum	TG(53:4);TG(18:1_35:3)
TG 18:2_38:6	TG 18:2_38:6	Triglycerides	TG(56:8)	sum	TG(56:8);TG(18:2_38:6)
TG 20:2_36:5	TG 20:2_36:5	Triglycerides	TG(56:7)	sum	TG(56:7);TG(20:2_36:5)
TG 22:4_34:2	TG 22:4_34:2	Triglycerides	TG(56:6)	sum	TG(56:6);TG(22:4_34:2)
TG 18:1_36:0	TG 18:1_36:0	Triglycerides	TG(54:1)	sum	TG(54:1);TG(18:1_36:0)
TG 18:3_30:0	TG 18:3_30:0	Triglycerides	TG(48:3)	sum	TG(48:3);TG(18:3_30:0)
TG 20:3_32:0	TG 20:3_32:0	Triglycerides	TG(52:3)	sum	TG(52:3);TG(20:3_32:0)
TG 22:5_32:0	TG 22:5_32:0	Triglycerides	TG(54:5)	sum	TG(54:5);TG(22:5_32:0)
TG 18:1_36:1	TG 18:1_36:1	Triglycerides	TG(54:2)	sum	TG(54:2);TG(18:1_36:1)
TG 18:3_32:0	TG 18:3_32:0	Triglycerides	TG(50:3)	sum	TG(50:3);TG(18:3_32:0)
TG 20:3_32:1	TG 20:3_32:1	Triglycerides	TG(52:4)	sum	TG(52:4);TG(20:3_32:1)
TG 22:5_32:1	TG 22:5_32:1	Triglycerides	TG(54:6)	sum	TG(54:6);TG(22:5_32:1)
TG 18:1_36:2	TG 18:1_36:2	Triglycerides	TG(54:3)	sum	TG(54:3);TG(18:1_36:2)
TG 18:3_32:1	TG 18:3_32:1	Triglycerides	TG(50:4)	sum	TG(50:4);TG(18:3_32:1)
TG 20:3_32:2	TG 20:3_32:2	Triglycerides	TG(52:5)	sum	TG(52:5);TG(20:3_32:2)
TG 22:5_34:1	TG 22:5_34:1	Triglycerides	TG(56:6)	sum	TG(56:6);TG(22:5_34:1)
TG 18:1_36:3	TG 18:1_36:3	Triglycerides	TG(54:4)	sum	TG(54:4);TG(18:1_36:3)
TG 18:3_33:2	TG 18:3_33:2	Triglycerides	TG(51:5)	sum	TG(51:5);TG(18:3_33:2)
TG 20:3_34:0	TG 20:3_34:0	Triglycerides	TG(54:3)	sum	TG(54:3);TG(20:3_34:0)
TG 22:5_34:2	TG 22:5_34:2	Triglycerides	TG(56:7)	sum	TG(56:7);TG(22:5_34:2)
TG 18:1_36:4	TG 18:1_36:4	Triglycerides	TG(54:5)	sum	TG(54:5);TG(18:1_36:4)
TG 18:3_34:0	TG 18:3_34:0	Triglycerides	TG(52:3)	sum	TG(52:3);TG(18:3_34:0)
TG 20:3_34:1	TG 20:3_34:1	Triglycerides	TG(54:4)	sum	TG(54:4);TG(20:3_34:1)
TG 22:5_34:3	TG 22:5_34:3	Triglycerides	TG(56:8)	sum	TG(56:8);TG(22:5_34:3)
TG 18:1_36:5	TG 18:1_36:5	Triglycerides	TG(54:6)	sum	TG(54:6);TG(18:1_36:5)
TG 18:3_34:1	TG 18:3_34:1	Triglycerides	TG(52:4)	sum	TG(52:4);TG(18:3_34:1)
TG 20:3_34:2	TG 20:3_34:2	Triglycerides	TG(54:5)	sum	TG(54:5);TG(20:3_34:2)
TG 22:6_32:0	TG 22:6_32:0	Triglycerides	TG(54:6)	sum	TG(54:6);TG(22:6_32:0)
TG 18:1_36:6	TG 18:1_36:6	Triglycerides	TG(54:7)	sum	TG(54:7);TG(18:1_36:6)
TG 18:3_34:2	TG 18:3_34:2	Triglycerides	TG(52:5)	sum	TG(52:5);TG(18:3_34:2)
TG 20:3_34:3	TG 20:3_34:3	Triglycerides	TG(54:6)	sum	TG(54:6);TG(20:3_34:3)
TG 22:6_32:1	TG 22:6_32:1	Triglycerides	TG(54:7)	sum	TG(54:7);TG(22:6_32:1)
TG 18:1_38:5	TG 18:1_38:5	Triglycerides	TG(56:6)	sum	TG(56:6);TG(18:1_38:5)
TG 18:3_34:3	TG 18:3_34:3	Triglycerides	TG(52:6)	sum	TG(52:6);TG(18:3_34:3)
TG 20:3_36:3	TG 20:3_36:3	Triglycerides	TG(56:6)	sum	TG(56:6);TG(20:3_36:3)
TG 22:6_34:1	TG 22:6_34:1	Triglycerides	TG(56:7)	sum	TG(56:7);TG(22:6_34:1)
TG 18:1_38:6	TG 18:1_38:6	Triglycerides	TG(56:7)	sum	TG(56:7);TG(18:1_38:6)
TG 18:3_35:2	TG 18:3_35:2	Triglycerides	TG(53:5)	sum	TG(53:5);TG(18:3_35:2)
TG 20:3_36:4	TG 20:3_36:4	Triglycerides	TG(56:7)	sum	TG(56:7);TG(20:3_36:4)
TG 22:6_34:2	TG 22:6_34:2	Triglycerides	TG(56:8)	sum	TG(56:8);TG(22:6_34:2)
TG 18:1_38:7	TG 18:1_38:7	Triglycerides	TG(56:8)	sum	TG(56:8);TG(18:1_38:7)
TG 18:3_36:1	TG 18:3_36:1	Triglycerides	TG(54:4)	sum	TG(54:4);TG(18:3_36:1)
TG 20:3_36:5	TG 20:3_36:5	Triglycerides	TG(56:8)	sum	TG(56:8);TG(20:3_36:5)
TG 22:6_34:3	TG 22:6_34:3	Triglycerides	TG(56:9)	sum	TG(56:9);TG(22:6_34:3)
TG 18:2_28:0	TG 18:2_28:0	Triglycerides	TG(46:2)	sum	TG(46:2);TG(18:2_28:0)
TG 18:3_36:2	TG 18:3_36:2	Triglycerides	TG(54:5)	sum	TG(54:5);TG(18:3_36:2)
TG 18:0_32:1	TG 18:0_32:1	Triglycerides	TG(50:1)	sum	TG(50:1);TG(18:0_32:1)
TG 18:2_30:0	TG 18:2_30:0	Triglycerides	TG(48:2)	sum	TG(48:2);TG(18:2_30:0)
TG 17:0_34:2	TG 17:0_34:2	Triglycerides	TG(51:2)	sum	TG(51:2);TG(17:0_34:2)
TG 18:0_32:2	TG 18:0_32:2	Triglycerides	TG(50:2)	sum	TG(50:2);TG(18:0_32:2)
Hex3Cer d18:1/16:0	Hex3Cer d18:1/16:0	Trihexosylceramides	<unmatched>	-	Hex3Cer(d18:1/16:0);Hex3Cer(34:1)
Hex3Cer d18:1/18:0	Hex3Cer d18:1/18:0	Trihexosylceramides	<unmatched>	-	Hex3Cer(d18:1/18:0);Hex3Cer(36:1)
Hex3Cer d18:1/20:0	Hex3Cer d18:1/20:0	Trihexosylceramides	<unmatched>	-	Hex3Cer(d18:1/20:0);Hex3Cer(38:1)
Hex3Cer d18:1/22:0	Hex3Cer d18:1/22:0	Trihexosylceramides	<unmatched>	-	Hex3Cer(d18:1/22:0);Hex3Cer(40:1)
Hex3Cer d18:1/24:1	Hex3Cer d18:1/24:1	Trihexosylceramides	<unmatched>	-	Hex3Cer(d18:1/24:1);Hex3Cer(42:2)
Hex3Cer d18:1/26:1	Hex3Cer d18:1/26:1	Trihexosylceramides	<unmatched>	-	Hex3Cer(d18:1/26:1);Hex3Cer(44:2)
